[ {
  "id" : "24ccb660-1c74-11e8-909b-b12abc265234-0",
  "name" : "amprtl.txt",
  "createdDate" : 0,
  "text" : "Valentines Day Offer, get Rs.10000 cashback + No Cost EMI on all models of iPad. Valid till Feb 14 at your nearest Imagine. https://goo.gl/hFJcfk ",
  "status" : "SUBMITTED",
  "modifiedDate" : 1519836580183
}, {
  "id" : "24ccb660-1c74-11e8-909b-b12abc265234-1",
  "name" : "arcee.txt",
  "createdDate" : 0,
  "text" : "#LoveThatLastsForever: Upto 11,000 cashback on your fav \"iPhone6\" only at ARCEE stores. Offer valid till 14th Feb. LIMITED STOCK. HURRY..!! Click bit.ly/i-ARCEE",
  "status" : "SUBMITTED",
  "modifiedDate" : 1519836545131
}, {
  "id" : "24ccb660-1c74-11e8-909b-b12abc265234-10",
  "name" : "fasttrack.txt",
  "createdDate" : 0,
  "text" : "It pays to be picky!!! Up to 40% off on Fastrack Products.Rush now to your nearest Fastrack Store! T&C* https://goo.gl/wWjTvj ",
  "status" : "SUBMITTED",
  "modifiedDate" : 1519836924774
}, {
  "id" : "24ccb660-1c74-11e8-909b-b12abc265234-11",
  "name" : "homecentre1.txt",
  "createdDate" : 0,
  "text" : "Don't miss out! Only 2 days to go! Furniture @FLAT 50% OFF at Home Centre Stores + Get EXTRA 10% OFF (EXCLUSIVE COUPON HBKDHJ). Valid till 11-Feb. T&C ",
  "status" : "SUBMITTED",
  "modifiedDate" : 1519836006875
}, {
  "id" : "24ccb660-1c74-11e8-909b-b12abc265234-12",
  "name" : "homecentre2.txt",
  "createdDate" : 0,
  "text" : "Hurry, Last 2 days! HOME CENTRE FURNITURE FLAT 50% OFF + EXTRA 10% OFF (COUPON P6SG3K) in stores till 11-Feb. T&C. To opt out give missed call to +918039275834 ",
  "status" : "SUBMITTED",
  "modifiedDate" : 1519836986491
}, {
  "id" : "24ccb660-1c74-11e8-909b-b12abc265234-13",
  "name" : "igp.txt",
  "createdDate" : 0,
  "text" : "IGP guarantees V-Day gift delivery by Feb 14. Choose gifts from our Express Delivery Catalogue. Use extra 15% off code LOVE15. Gift Now https://goo.gl/bi5aBz",
  "status" : "SUBMITTED",
  "modifiedDate" : 1519837012743
}, {
  "id" : "24ccb660-1c74-11e8-909b-b12abc265234-14",
  "name" : "jabong.txt",
  "createdDate" : 0,
  "text" : "Use:ETHNIC15 Upto 60 + EXTRA 15% OFF on Top ethnic styles till 4pm! Also get Flat Rs.150* Cashback via Phonepe on order of Rs.2000 or more! http://msg.mn/aTLyo! ",
  "status" : "SUBMITTED",
  "modifiedDate" : 1519836056710
}, {
  "id" : "24ccb660-1c74-11e8-909b-b12abc265234-15",
  "name" : "kfc.txt",
  "createdDate" : 0,
  "text" : "Enjoy INDvSA match with KFC! Use code KFCD02 to get 15% off on order above Rs500. Order https://goo.gl/YLnGUc /Call . T&C. Opt-out goo.gl/dpikcT ",
  "status" : "SUBMITTED",
  "modifiedDate" : 1519837043614
}, {
  "id" : "24ccb660-1c74-11e8-909b-b12abc265234-16",
  "name" : "lazy_pay.txt",
  "createdDate" : 0,
  "text" : "Uplifting & Stuffed! You'll never get enough of the warm hugs of comfort food, from Swiggy, delivered at a CASHBACK with LazyPay! Order now: bit.ly/2FAwiL2 .T&C ",
  "status" : "SUBMITTED",
  "modifiedDate" : 1519837072296
}, {
  "id" : "24ccb660-1c74-11e8-909b-b12abc265234-17",
  "name" : "lazypay2.txt",
  "createdDate" : 0,
  "text" : "Get the super fast internet benefit right to your home or office with ACT! Take a 20% CASHBACK when you pay via LazyPay. Click here goo.gl/iNbqr1 .T&C apply",
  "status" : "SUBMITTED",
  "modifiedDate" : 1519837114555
}, {
  "id" : "24ccb660-1c74-11e8-909b-b12abc265234-18",
  "name" : "lazypay3.txt",
  "createdDate" : 0,
  "text" : "lear all your ACT broadband bills at a 20% CASHBACK when you pay later via LazyPay! Click here goo.gl/iNbqr1 . T&C apply? ",
  "status" : "SUBMITTED",
  "modifiedDate" : 1519837166566
}, {
  "id" : "24ccb660-1c74-11e8-909b-b12abc265234-19",
  "name" : "lenskart.txt",
  "createdDate" : 0,
  "text" : "Last Weekend to avail Buy 1 Get 1 FREE* on All EyeWear. Click: lenskart.com/eye Limited time offer. Hurry! Or find store: lenskart.com/s",
  "status" : "SUBMITTED",
  "modifiedDate" : 1519817286400
}, {
  "id" : "24ccb660-1c74-11e8-909b-b12abc265234-2",
  "name" : "bata1.txt",
  "createdDate" : 0,
  "text" : "This Valentines, flaunt love for shoes! Get Rs200 off on ur fav products @ Bata. Use GV: 96614737 on min Rs999 bill bfr 18/2. TnC. To opt out call +918067006246 ",
  "status" : "SUBMITTED",
  "modifiedDate" : 1519836607762
}, {
  "id" : "24ccb660-1c74-11e8-909b-b12abc265234-20",
  "name" : "mobikwik.txt",
  "createdDate" : 0,
  "text" : "Dhamaaaka offer! Now use Rs. 50 SuperCash at your local nearby stores! Pay with MobiKwik. T&CApply: bit.ly/2zf0nMU ",
  "status" : "SUBMITTED",
  "modifiedDate" : 1519815887519
}, {
  "id" : "24ccb660-1c74-11e8-909b-b12abc265234-21",
  "name" : "myntra.txt",
  "createdDate" : 0,
  "text" : "Hi, Happy Hour:Extra 15% OFF on your fave brand Roadster From 12pm-3pm Use Code:HHSUN2RDFR http://smsd.in/mRQPEm5c ",
  "status" : "SUBMITTED",
  "modifiedDate" : 1519836098622
}, {
  "id" : "24ccb660-1c74-11e8-909b-b12abc265234-22",
  "name" : "olacabs.txt",
  "createdDate" : 0,
  "text" : "Introducing Rentals Muhurtham Packages for weddings. Avail discounts of up to 30%. And personalise the vouchers with your name. Know more : https://blog.olacabs.com/176771902-2/ ",
  "status" : "SUBMITTED",
  "modifiedDate" : 1519815887519
}, {
  "id" : "24ccb660-1c74-11e8-909b-b12abc265234-23",
  "name" : "otto.txt",
  "createdDate" : 0,
  "text" : "Welcome to OTTO's End of season SALE! Get up to 40% Off*, T&C Apply ",
  "status" : "SUBMITTED",
  "modifiedDate" : 1519817842070
}, {
  "id" : "24ccb660-1c74-11e8-909b-b12abc265234-24",
  "name" : "pharmeasy.txt",
  "createdDate" : 0,
  "text" : "Need medicines? Think PharmEasy! Avail FLAT 25% OFF + Paytm cashback up to Rs75 on 1st medicine order! Apply code: FBR5. Valid 12Feb visit http://bit.ly/2G1G21o ",
  "status" : "SUBMITTED",
  "modifiedDate" : 1519837253607
}, {
  "id" : "24ccb660-1c74-11e8-909b-b12abc265234-25",
  "name" : "phonepe.txt",
  "createdDate" : 0,
  "text" : "Hurry! Get flat 50% Cashback* on your 1st order at KFC this month. Offer Applicable for all users. www.gs.im/b/?oeHvSGbbB9eKt ",
  "status" : "SUBMITTED",
  "modifiedDate" : 1519815887519
}, {
  "id" : "24ccb660-1c74-11e8-909b-b12abc265234-26",
  "name" : "raymond.txt",
  "createdDate" : 0,
  "text" : "THE RAYMOND SHOP, ESWARAN KOVIL ST, ERODE: UPTO 40% OFF on Readymade (Wedding Suit-Shirt-Trouser) also Buy 3Pant & 3Shirt Fabric for Rs.1699/-Ph: 9659544599 TC* ",
  "status" : "SUBMITTED",
  "modifiedDate" : 1519837299092
}, {
  "id" : "24ccb660-1c74-11e8-909b-b12abc265234-27",
  "name" : "reliance_trends.txt",
  "createdDate" : 0,
  "text" : "Get stylish with DOUBLE BENEFIT at TRENDS! Shop for Rs. 4000 & get benefits worth Rs.4000 on the New season collection from 9th Feb-11th Feb'18 & earn RelianceOne pts. RUSH to ur nearest TRENDS store now! Offer valid in select cities only. T&C More at http://bit.ly/DoubleBenefit ",
  "status" : "SUBMITTED",
  "modifiedDate" : 1519836293913
}, {
  "id" : "24ccb660-1c74-11e8-909b-b12abc265234-28",
  "name" : "spar_hypermarket.txt",
  "createdDate" : 0,
  "text" : "SPAR M-COUPON! Show Coupon MBHTE3 before billing to get Rs.125 Off on purchase of Rs.2500. Valid till 14 Feb. T&C. To opt out give missed call to +918039275834 ",
  "status" : "SUBMITTED",
  "modifiedDate" : 1519836470665
}, {
  "id" : "24ccb660-1c74-11e8-909b-b12abc265234-29",
  "name" : "strbzr.txt",
  "createdDate" : 0,
  "text" : "Need ideas to gift this Valentine's? SKYE, a TATA brand, launches its range of Body Sprays. Fall in love with the 3 refreshing fragrances for women & men. Pick any 2 for Rs160! WOW Offer: Shop for Cadbury Silk & get Rs100 CASHBACK (min shopping Rs999+).Cashback as Clubcard pts. Rush to STAR today! T&C - goo.gl/AR9Xpc ",
  "status" : "SUBMITTED",
  "modifiedDate" : 1519817981753
}, {
  "id" : "24ccb660-1c74-11e8-909b-b12abc265234-3",
  "name" : "bata2.txt",
  "createdDate" : 0,
  "text" : "This Valentines, flaunt love for shoes! Get Rs200 off on ur fav products @ Bata. Use GV: 58821721 on min Rs999 bill bfr 18/2. TnC. To opt out call +918067006246 ",
  "status" : "SUBMITTED",
  "modifiedDate" : 1519836660633
}, {
  "id" : "24ccb660-1c74-11e8-909b-b12abc265234-30",
  "name" : "swiggy1.txt",
  "createdDate" : 0,
  "text" : "The Swiggy Food Carnival is on! Get up to 40% off from your most-loved restaurants in town. Order now and join the carnival. http://swig.gy/app TCA ",
  "status" : "SUBMITTED",
  "modifiedDate" : 1519815887519
}, {
  "id" : "24ccb660-1c74-11e8-909b-b12abc265234-31",
  "name" : "swiggy2.txt",
  "createdDate" : 0,
  "text" : "Take a bite before it's too late. It's the final day of the Swiggy Food Carnival. Order now & get up to 40% off from top restaurants. http://swig.gy/app TCA ",
  "status" : "SUBMITTED",
  "modifiedDate" : 1519815887519
}, {
  "id" : "24ccb660-1c74-11e8-909b-b12abc265234-32",
  "name" : "thangamayil_jewellery.txt",
  "createdDate" : 0,
  "text" : "Hurry up, Last 6 days only. \"Bangle Mela\" @ Thangamayil. Rs.50 off per gram for Gold Bangle purchases only at Nethaji road and Anna nagar Thangamayil. ",
  "status" : "SUBMITTED",
  "modifiedDate" : 1519836444023
}, {
  "id" : "24ccb660-1c74-11e8-909b-b12abc265234-33",
  "name" : "thepark1.txt",
  "createdDate" : 0,
  "text" : "Hospitality Night @Pasha every Monday. Flash your card and get 50% discount on beverages. For details 9884209112 ",
  "status" : "SUBMITTED",
  "modifiedDate" : 1519836492194
}, {
  "id" : "24ccb660-1c74-11e8-909b-b12abc265234-34",
  "name" : "thepark2.txt",
  "createdDate" : 0,
  "text" : "njoy exciting Thai Beer offer at most celebrated Thai restaurant -Lotus The Park Chennai Buy 2 Singha Beer get 1 free, For table reservations call -04442676000/ 9582366731 ",
  "status" : "SUBMITTED",
  "modifiedDate" : 1519837391104
}, {
  "id" : "24ccb660-1c74-11e8-909b-b12abc265234-35",
  "name" : "uber.txt",
  "createdDate" : 0,
  "text" : "50% off 10 non uberPOOL rides! Activate the offer in your Uber app or enter promo code sapphire_kk89vd. Max. discount per ride is INR 50. http://t.uber.com/offer#11e437e7-42d3-4c59-ade3-7d8c67a7860c ",
  "status" : "SUBMITTED",
  "modifiedDate" : 1519837441890
}, {
  "id" : "24ccb660-1c74-11e8-909b-b12abc265234-36",
  "name" : "uber2.txt",
  "createdDate" : 0,
  "text" : "50% off 10 non uberPOOL rides! Activate the offer in your Uber app or enter promo code ridec597aw. Max. discount per ride is INR 50. http://t.uber.com/offer ",
  "status" : "SUBMITTED",
  "modifiedDate" : 1519836512213
}, {
  "id" : "24ccb660-1c74-11e8-909b-b12abc265234-37",
  "name" : "uber3.txt",
  "createdDate" : 0,
  "text" : "The wait is over! UberEats is now in Vadapalani. Use EATSVADA to get Rs.100 off first 2 meals on a order of Rs.200*. Re.1 delivery fee. Order now: t.uber.com/c3 ",
  "status" : "SUBMITTED",
  "modifiedDate" : 1519837467983
}, {
  "id" : "24ccb660-1c74-11e8-909b-b12abc265234-38",
  "name" : "westside.txt",
  "createdDate" : 0,
  "text" : "Clubwest Festive surprise! Shop for Rs2000 & earn 200 bonus points. Offer valid till Oct 2. Hurry! shop today from WESTSIDE's Autumn Winter 2017 collection! T&C",
  "status" : "SUBMITTED",
  "modifiedDate" : 1519818381711
}, {
  "id" : "24ccb660-1c74-11e8-909b-b12abc265234-39",
  "name" : "znckin.txt",
  "createdDate" : 0,
  "text" : "Znack, An exclusive app for ordering sweets, snacks & cakes online. Free delivery&Rs.50 Off. Download app https://goo.gl/Br7VBB or visit https://goo.gl/s1SdX9 ",
  "status" : "SUBMITTED",
  "modifiedDate" : 1519818410570
}, {
  "id" : "24ccb660-1c74-11e8-909b-b12abc265234-4",
  "name" : "bigbazaar.txt",
  "createdDate" : 0,
  "text" : "Bonus Weekend @BigBazaar/fbb Bangalore Rs300 INSTANT OFF on Rs3000 bill+PAYBACK Pts from 20-22 Oct Code 913363319560 To optout, sms OPTOUT to 9773597735 TnC",
  "status" : "SUBMITTED",
  "modifiedDate" : 1519840869846
}, {
  "id" : "24ccb660-1c74-11e8-909b-b12abc265234-5",
  "name" : "bpitch.txt",
  "createdDate" : 0,
  "text" : "Valentine's SPL: Big Pitcher offers BBQ Buffet Lunch (46 items spread)+beer staring @549+ tax only. Show SMS to avail Offer till 13th Feb. Call 08045530000 ",
  "status" : "SUBMITTED",
  "modifiedDate" : 1519836742780
}, {
  "id" : "24ccb660-1c74-11e8-909b-b12abc265234-6",
  "name" : "cambss.txt",
  "createdDate" : 0,
  "text" : " FLAT 50% off on all body massage. Camellia Bali Spa,Velachery,Vijayanagar contact:7358393658/044-48585856 www.camelliabalispa.com https://www.facebook.com/camelliabalispa/ | Offer Code EB9MEFD8 | Valid till 11 Feb, 2018 ",
  "status" : "SUBMITTED",
  "modifiedDate" : 1519836818589
}, {
  "id" : "24ccb660-1c74-11e8-909b-b12abc265234-7",
  "name" : "dailyobjects.txt",
  "createdDate" : 0,
  "text" : "Offer Of The Month! Buy Any 3 Designer/Custom Phone Cases @just Rs 999. Today Only. Code: VDAY. Shop @ https://www.dailyobjects.com Optout sms \"DB OUT\" 56161 ",
  "status" : "SUBMITTED",
  "modifiedDate" : 1519816853004
}, {
  "id" : "24ccb660-1c74-11e8-909b-b12abc265234-8",
  "name" : "dailyobjects2.txt",
  "createdDate" : 0,
  "text" : "BIG BANG BOGO! Buy 1 Get 1 Free on Phone Cases, Wallets, Bags, Pouches, Sleeves. Ends Tonight! Shop @ https://www.dailyobjects.com Optout sms \"DB OUT\" 56161 ",
  "status" : "SUBMITTED",
  "modifiedDate" : 1519836868347
}, {
  "id" : "24ccb660-1c74-11e8-909b-b12abc265234-9",
  "name" : "eve_store.txt",
  "createdDate" : 0,
  "text" : "Time to treat your tresses @ Bounce salon. 50% off on hair color + hair smoothening @ 4999 @ Project Eve, Phoenix Marketcity. Call 044-66650338 ",
  "status" : "SUBMITTED",
  "modifiedDate" : 1519836899572
}, {
  "id" : "2a0e08b0-1c59-11e8-b9e6-1925f9a60537-0",
  "name" : "reliancemarkets1.txt",
  "createdDate" : 0,
  "text" : "Great Deals at India ka Market- Reliance Market Erode! Tomato Country at Rs.8/Kg(Market Rate 15/Kg)Click http://rmkt.in/46w1jM for more.Only Today!T&C ",
  "status" : "SUBMITTED",
  "modifiedDate" : 1519835393069
}, {
  "id" : "2a0e08b0-1c59-11e8-b9e6-1925f9a60537-1",
  "name" : "netmeds2.txt",
  "createdDate" : 0,
  "text" : "Netmeds Super Wednesday: Up to 25% OFF on ALL Meds, Use code SUPER35 + 10% Paytm Cashback* Today only. No Min Order Value T&C. http://nms.care/spr35_mv ",
  "status" : "SUBMITTED",
  "modifiedDate" : 1519835813085
}, {
  "id" : "2a0e08b0-1c59-11e8-b9e6-1925f9a60537-10",
  "name" : "vanheusen.txt",
  "createdDate" : 0,
  "text" : "Van Heusen: Buy 3 Get 2 FREE, Buy 2 Get 1 FREE & more exciting offers at our BIG End of Season Sale! Don't miss out to choose from the best! Drop by today. T&C. ",
  "status" : "SUBMITTED",
  "modifiedDate" : 1519835924863
}, {
  "id" : "2a0e08b0-1c59-11e8-b9e6-1925f9a60537-11",
  "name" : "reliancetrends2.txt",
  "createdDate" : 0,
  "text" : "LAST FEW HOURS for ur Rs. 500 INSTANT OFF@TRENDS! Use codeTR22NALZXC0402& get Rs. 500 OFF on shopping of Rs. 1999 on New season collection! Shop the latest styles & earn RelianceOne pts. Ignore if used. Happy shopping! T&C ",
  "status" : "SUBMITTED",
  "modifiedDate" : 1519835885224
}, {
  "id" : "2a0e08b0-1c59-11e8-b9e6-1925f9a60537-12",
  "name" : "phonepe2.txt",
  "createdDate" : 0,
  "text" : "Save Big! Get flat Rs.50 cashback* on bills above Rs.200 at Spencer's. Pay with PhonePe! Offer applicable twice per user.www.gs.im/b/?UcNTp62su5G4M ",
  "status" : "SUBMITTED",
  "modifiedDate" : 1519803819425
}, {
  "id" : "2a0e08b0-1c59-11e8-b9e6-1925f9a60537-13",
  "name" : "paytm2.txt",
  "createdDate" : 0,
  "text" : "Order Placed: We have received your order for Wildcraft Continuum 53L Laptop backpack. It will be delivered by Wed, 13 Dec. Applicable cashback will be given within 24 hrs of shipment. Download the new Paytm Mall App for great offers http://pytm.ml/upgrade",
  "status" : "SUBMITTED",
  "modifiedDate" : 1519803781136
}, {
  "id" : "2a0e08b0-1c59-11e8-b9e6-1925f9a60537-14",
  "name" : "ola4.txt",
  "createdDate" : 0,
  "text" : "Use code TRAVEL50 & get 30% off upto Rs 50 off on 2 Micro/Mini/Prime rides in Chennai. Valid till 7th Dec and b/w 6am-6pm. Ride now: bit.ly/C_SMS ",
  "status" : "SUBMITTED",
  "modifiedDate" : 1519835839325
}, {
  "id" : "2a0e08b0-1c59-11e8-b9e6-1925f9a60537-15",
  "name" : "lenskart4.txt",
  "createdDate" : 0,
  "text" : "Lenskart now has 31 stores in Chennai! Avail Buy 1 Get 1 FREE,only for this weekend at your nearest store. Locate your Nearest Store: lenskart.com/s ",
  "status" : "SUBMITTED",
  "modifiedDate" : 1519835721176
}, {
  "id" : "2a0e08b0-1c59-11e8-b9e6-1925f9a60537-16",
  "name" : "lenskart3.txt",
  "createdDate" : 0,
  "text" : " LAST DAY for Lenskart Steal Deal! Exchange your old specs & get 50% cashback on your next purchase. Click Lenskart.com/eye or Find nearby store lenskart.com/s ",
  "status" : "SUBMITTED",
  "modifiedDate" : 1519803504595
}, {
  "id" : "2a0e08b0-1c59-11e8-b9e6-1925f9a60537-17",
  "name" : "fnpcom.txt",
  "createdDate" : 0,
  "text" : " Just For You! Send Valentine Gifts TODAY across India & worldwide to Get Flat Rs. 150 Off on minimum purchase of 599! Use Code: RC150 http://bit.ly/2E2YUk2 ",
  "status" : "SUBMITTED",
  "modifiedDate" : 1519835498460
}, {
  "id" : "2a0e08b0-1c59-11e8-b9e6-1925f9a60537-18",
  "name" : "floweraura.txt",
  "createdDate" : 0,
  "text" : "This Rose Day, Get FLAT Rs. 100 Off. Let your love bloom with gorgeous Red Roses from FlowerAura. Code: RD100, Same Day Delivery. http://msg.gd/s/UyJWQX/yJheNK ",
  "status" : "SUBMITTED",
  "modifiedDate" : 1519803279270
}, {
  "id" : "2a0e08b0-1c59-11e8-b9e6-1925f9a60537-19",
  "name" : "lenskart2.txt",
  "createdDate" : 0,
  "text" : "Last Day of Lenskart's Biggest Sale Buy1 Get1 + 1000 off Use Code: GRAND1000 At w.lenskart.com/s/CfJEvL/Wu9rL9 or Find store: lenskart.com/s Optout LENS 567678",
  "status" : "SUBMITTED",
  "modifiedDate" : 1519835584104
}, {
  "id" : "2a0e08b0-1c59-11e8-b9e6-1925f9a60537-2",
  "name" : "myntra3.txt",
  "createdDate" : 0,
  "text" : "Here's Rs.300 For You! Shop the Best of Styles & Brands With BIGGER DISCOUNTS From 7pm-Midnight Shop NOW & enjoy Free Shipping! http://smsd.in/mqUhLXIb ",
  "status" : "SUBMITTED",
  "modifiedDate" : 1519803650991
}, {
  "id" : "2a0e08b0-1c59-11e8-b9e6-1925f9a60537-3",
  "name" : "myntra2.txt",
  "createdDate" : 0,
  "text" : "Hey Koghul! Happy Hours with EXTRA 15% OFF From 6pm-8pm! Use Code: HHSUN4STGK Shop the best of Styles! http://smsd.in/m7DfLjnl ",
  "status" : "SUBMITTED",
  "modifiedDate" : 1519835762738
}, {
  "id" : "2a0e08b0-1c59-11e8-b9e6-1925f9a60537-4",
  "name" : "markspencer.txt",
  "createdDate" : 0,
  "text" : "Marks & Spencer END OF SEASON Sale Continues. UPTO 70% OFF! Adnl 10% cashback on Axis Bank & HSBC Cards. Rush to your nearest M&S store. ONLY FEW DAYS LEFT. T&C ",
  "status" : "SUBMITTED",
  "modifiedDate" : 1519835741696
}, {
  "id" : "2a0e08b0-1c59-11e8-b9e6-1925f9a60537-5",
  "name" : "league.txt",
  "createdDate" : 0,
  "text" : "This Valentine's Day, look great together !! Shop at HI-STYLE & your Valentine will get 50% OFF on the bill value. Offer valid from 1st to 14th Feb'18. T&C. ",
  "status" : "SUBMITTED",
  "modifiedDate" : 1519835555287
}, {
  "id" : "2a0e08b0-1c59-11e8-b9e6-1925f9a60537-6",
  "name" : "jabong2.txt",
  "createdDate" : 0,
  "text" : "Rs.400 added to your JABONG account linked with kogh*****@gmail.com. Get FLAT Rs.400 OFF (Min order Rs 1500) Use code: SPLFEB400 http://msg.mn/86v0Gd ",
  "status" : "SUBMITTED",
  "modifiedDate" : 1519835527326
}, {
  "id" : "2a0e08b0-1c59-11e8-b9e6-1925f9a60537-7",
  "name" : "homecentre.txt",
  "createdDate" : 0,
  "text" : "Looking to buy furniture but waiting for a good deal? FLAT 50% OFF at Home Centre Stores + Exciting COMBO offers + EXTRA 10%OFF (COUPON HBKDHJ) till 11Feb. T&C ",
  "status" : "SUBMITTED",
  "modifiedDate" : 1519803364430
}, {
  "id" : "2a0e08b0-1c59-11e8-b9e6-1925f9a60537-8",
  "name" : "blackberry.txt",
  "createdDate" : 0,
  "text" : "Flat 50% OFF on Blackberry merchandise @Brand Factory-Wilson Garden?till 10 Jan 18 + earn PAYBACK Points. To optout,sms OPTOUT to 9773597735 TnC ",
  "status" : "SUBMITTED",
  "modifiedDate" : 1519835465635
}, {
  "id" : "2a0e08b0-1c59-11e8-b9e6-1925f9a60537-9",
  "name" : "bigbasket.txt",
  "createdDate" : 0,
  "text" : "bigbasket wishes you Happy Rose Day! Send Roses in 90 minutes @Flat 20% off. Valentine's special combos starting @Rs.299. Click https://l.bigbasket.com/v-store ",
  "status" : "SUBMITTED",
  "modifiedDate" : 1519835414606
}, {
  "id" : "395bee40-1ba5-11e8-9fc9-bda4a349c681-0",
  "name" : "amprtl.txt",
  "createdDate" : 0,
  "text" : "Valentines Day Offer, get Rs.10000 cashback + No Cost EMI on all models of iPad. Valid till Feb 14 at your nearest Imagine. https://goo.gl/hFJcfk ",
  "status" : "SUBMITTED",
  "modifiedDate" : 1519828569772
}, {
  "id" : "395bee40-1ba5-11e8-9fc9-bda4a349c681-1",
  "name" : "arcee.txt",
  "createdDate" : 0,
  "text" : "#LoveThatLastsForever: Upto 11,000 cashback on your fav \"iPhone6\" only at ARCEE stores. Offer valid till 14th Feb. LIMITED STOCK. HURRY..!! Click bit.ly/i-ARCEE",
  "status" : "SUBMITTED",
  "modifiedDate" : 1519828491746
}, {
  "id" : "395bee40-1ba5-11e8-9fc9-bda4a349c681-10",
  "name" : "mobikwik.txt",
  "createdDate" : 0,
  "text" : "Dhamaaaka offer! Now use Rs. 50 SuperCash at your local nearby stores! Pay with MobiKwik. T&CApply: bit.ly/2zf0nMU ",
  "status" : "SUBMITTED",
  "modifiedDate" : 1519727467706
}, {
  "id" : "395bee40-1ba5-11e8-9fc9-bda4a349c681-11",
  "name" : "myntra.txt",
  "createdDate" : 0,
  "text" : "Hi, Happy Hour:Extra 15% OFF on your fave brand Roadster From 12pm-3pm Use Code:HHSUN2RDFR http://smsd.in/mRQPEm5c ",
  "status" : "SUBMITTED",
  "modifiedDate" : 1519834092577
}, {
  "id" : "395bee40-1ba5-11e8-9fc9-bda4a349c681-12",
  "name" : "olacabs.txt",
  "createdDate" : 0,
  "text" : "Introducing Rentals Muhurtham Packages for weddings. Avail discounts of up to 30%. And personalise the vouchers with your name. Know more : https://blog.olacabs.com/176771902-2/ ",
  "status" : "SUBMITTED",
  "modifiedDate" : 1519727625829
}, {
  "id" : "395bee40-1ba5-11e8-9fc9-bda4a349c681-13",
  "name" : "phonepe.txt",
  "createdDate" : 0,
  "text" : "Hurry! Get flat 50% Cashback* on your 1st order at KFC this month. Offer Applicable for all users. www.gs.im/b/?oeHvSGbbB9eKt ",
  "status" : "SUBMITTED",
  "modifiedDate" : 1519834144868
}, {
  "id" : "395bee40-1ba5-11e8-9fc9-bda4a349c681-14",
  "name" : "raymond.txt",
  "createdDate" : 0,
  "text" : "THE RAYMOND SHOP, ESWARAN KOVIL ST, ERODE: UPTO 40% OFF on Readymade (Wedding Suit-Shirt-Trouser) also Buy 3Pant & 3Shirt Fabric for Rs.1699/-Ph: 9659544599 TC* ",
  "status" : "SUBMITTED",
  "modifiedDate" : 1519834196447
}, {
  "id" : "395bee40-1ba5-11e8-9fc9-bda4a349c681-15",
  "name" : "reliance_trends.txt",
  "createdDate" : 0,
  "text" : "Get stylish with DOUBLE BENEFIT at TRENDS! Shop for Rs. 4000 & get benefits worth Rs.4000 on the New season collection from 9th Feb-11th Feb'18 & earn RelianceOne pts. RUSH to ur nearest TRENDS store now! Offer valid in select cities only. T&C More at http://bit.ly/DoubleBenefit ",
  "status" : "SUBMITTED",
  "modifiedDate" : 1519834230928
}, {
  "id" : "395bee40-1ba5-11e8-9fc9-bda4a349c681-16",
  "name" : "spar_hypermarket.txt",
  "createdDate" : 0,
  "text" : "SPAR M-COUPON! Show Coupon MBHTE3 before billing to get Rs.125 Off on purchase of Rs.2500. Valid till 14 Feb. T&C. To opt out give missed call to +918039275834 ",
  "status" : "SUBMITTED",
  "modifiedDate" : 1519834274161
}, {
  "id" : "395bee40-1ba5-11e8-9fc9-bda4a349c681-17",
  "name" : "thangamayil_jewellery.txt",
  "createdDate" : 0,
  "text" : "Hurry up, Last 6 days only. \"Bangle Mela\" @ Thangamayil. Rs.50 off per gram for Gold Bangle purchases only at Nethaji road and Anna nagar Thangamayil. ",
  "status" : "SUBMITTED",
  "modifiedDate" : 1519834309609
}, {
  "id" : "395bee40-1ba5-11e8-9fc9-bda4a349c681-18",
  "name" : "uber.txt",
  "createdDate" : 0,
  "text" : "50% off 10 non uberPOOL rides! Activate the offer in your Uber app or enter promo code sapphire_kk89vd. Max. discount per ride is INR 50. http://t.uber.com/offer#11e437e7-42d3-4c59-ade3-7d8c67a7860c ",
  "status" : "SUBMITTED",
  "modifiedDate" : 1519828514947
}, {
  "id" : "395bee40-1ba5-11e8-9fc9-bda4a349c681-19",
  "name" : "uber2.txt",
  "createdDate" : 0,
  "text" : "50% off 10 non uberPOOL rides! Activate the offer in your Uber app or enter promo code ridec597aw. Max. discount per ride is INR 50. http://t.uber.com/offer ",
  "status" : "SUBMITTED",
  "modifiedDate" : 1519834337379
}, {
  "id" : "395bee40-1ba5-11e8-9fc9-bda4a349c681-2",
  "name" : "bpitch.txt",
  "createdDate" : 0,
  "text" : "Valentine's SPL: Big Pitcher offers BBQ Buffet Lunch (46 items spread)+beer staring @549+ tax only. Show SMS to avail Offer till 13th Feb. Call 08045530000 ",
  "status" : "SUBMITTED",
  "modifiedDate" : 1519828627947
}, {
  "id" : "395bee40-1ba5-11e8-9fc9-bda4a349c681-3",
  "name" : "dailyobjects.txt",
  "createdDate" : 0,
  "text" : "Offer Of The Month! Buy Any 3 Designer/Custom Phone Cases @just Rs 999. Today Only. Code: VDAY. Shop @ https://www.dailyobjects.com Optout sms \"DB OUT\" 56161 ",
  "status" : "SUBMITTED",
  "modifiedDate" : 1519726416685
}, {
  "id" : "395bee40-1ba5-11e8-9fc9-bda4a349c681-4",
  "name" : "eve_store.txt",
  "createdDate" : 0,
  "text" : "Time to treat your tresses @ Bounce salon. 50% off on hair color + hair smoothening @ 4999 @ Project Eve, Phoenix Marketcity. Call 044-66650338 ",
  "status" : "SUBMITTED",
  "modifiedDate" : 1519833931649
}, {
  "id" : "395bee40-1ba5-11e8-9fc9-bda4a349c681-5",
  "name" : "igp.txt",
  "createdDate" : 0,
  "text" : "IGP guarantees V-Day gift delivery by Feb 14. Choose gifts from our Express Delivery Catalogue. Use extra 15% off code LOVE15. Gift Now https://goo.gl/bi5aBz",
  "status" : "SUBMITTED",
  "modifiedDate" : 1519833951747
}, {
  "id" : "395bee40-1ba5-11e8-9fc9-bda4a349c681-6",
  "name" : "lazy_pay.txt",
  "createdDate" : 0,
  "text" : "Uplifting & Stuffed! You'll never get enough of the warm hugs of comfort food, from Swiggy, delivered at a CASHBACK with LazyPay! Order now: bit.ly/2FAwiL2 .T&C ",
  "status" : "SUBMITTED",
  "modifiedDate" : 1519834021054
}, {
  "id" : "395bee40-1ba5-11e8-9fc9-bda4a349c681-7",
  "name" : "lazypay2.txt",
  "createdDate" : 0,
  "text" : "Get the super fast internet benefit right to your home or office with ACT! Take a 20% CASHBACK when you pay via LazyPay. Click here goo.gl/iNbqr1 .T&C apply",
  "status" : "SUBMITTED",
  "modifiedDate" : 1519833994861
}, {
  "id" : "395bee40-1ba5-11e8-9fc9-bda4a349c681-8",
  "name" : "lazypay3.txt",
  "createdDate" : 0,
  "text" : "lear all your ACT broadband bills at a 20% CASHBACK when you pay later via LazyPay! Click here goo.gl/iNbqr1 . T&C apply? ",
  "status" : "SUBMITTED",
  "modifiedDate" : 1519833973874
}, {
  "id" : "395bee40-1ba5-11e8-9fc9-bda4a349c681-9",
  "name" : "lenskart.txt",
  "createdDate" : 0,
  "text" : "Last Weekend to avail Buy 1 Get 1 FREE* on All EyeWear. Click: lenskart.com/eye Limited time offer. Hurry! Or find store: lenskart.com/s",
  "status" : "SUBMITTED",
  "modifiedDate" : 1519834039972
}, {
  "id" : "6c8af010-1bb7-11e8-abdb-a1bf43d3a710-0",
  "name" : "msg_21.txt",
  "createdDate" : 0,
  "text" : "We Miss U @Dominos; Order Ur Fav Pizza Now; Buy 1 Regular Pizza & Get 40% OFF. Walk-In/Order@ 68886888/ goo.gl/CQThqp Cpn: CRM7BEA217E4F Valid till 21 Mar T&C\n",
  "status" : "SUBMITTED",
  "modifiedDate" : 1519834364945
}, {
  "id" : "6c8af010-1bb7-11e8-abdb-a1bf43d3a710-1",
  "name" : "msg_22.txt",
  "createdDate" : 0,
  "text" : "Get 1+1 on booking Cinepolis Cinemas tickets on Paytm. Use code: LOVEFEB to avail the offer. Max. Cashback* Rs.500. Click http://m.p-y.tm/mcn. *T&C apply\n",
  "status" : "SUBMITTED",
  "modifiedDate" : 1519834386956
}, {
  "id" : "6c8af010-1bb7-11e8-abdb-a1bf43d3a710-10",
  "name" : "msg_31.txt",
  "createdDate" : 0,
  "text" : "#daretodump ur current pizza & start a steamy relationship with pizza hut's pan pizza #thinkpizzathinkpizzahut get Rs 100 Off on 400 this Valentine T & C Apply.\n",
  "status" : "SUBMITTED",
  "modifiedDate" : 1519834647411
}, {
  "id" : "6c8af010-1bb7-11e8-abdb-a1bf43d3a710-11",
  "name" : "msg_32.txt",
  "createdDate" : 0,
  "text" : "RITU KUMAR SALE! Last few days to avail additional discounts in our 'End of Season Sale'. Visit any of our stores today to avail upto 70% off. T&C.\n",
  "status" : "SUBMITTED",
  "modifiedDate" : 1519834666101
}, {
  "id" : "6c8af010-1bb7-11e8-abdb-a1bf43d3a710-12",
  "name" : "msg_33.txt",
  "createdDate" : 0,
  "text" : "MobiKwik Welcome - 3 day Offer-\nUse code: INDIAN, Add Rs.10 for 1st time, get Rs.75 FREE!\nAlso, save Rs.100 on recharges.\nLoad NOW:  http://bit.ly/2cZArOK T&Ca\n",
  "status" : "SUBMITTED",
  "modifiedDate" : 1519834698443
}, {
  "id" : "6c8af010-1bb7-11e8-abdb-a1bf43d3a710-13",
  "name" : "msg_34.txt",
  "createdDate" : 0,
  "text" : "Little Referral coupon - 25% off on your order. Max Rs. 75 off. credited to your account. More details @ http://littleapp.in/mycoupons\n",
  "status" : "SUBMITTED",
  "modifiedDate" : 1519734677590
}, {
  "id" : "6c8af010-1bb7-11e8-abdb-a1bf43d3a710-14",
  "name" : "msg_35.txt",
  "createdDate" : 0,
  "text" : "Offer Ends 4pm! Designer Notebooks @Just Rs 1 | Cases for 100+ Phone Models @40-50% Off + Extra 15% Off Orders >999 | Code:NTBKAT1. Shop@ www.dailyobjects.com\n",
  "status" : "SUBMITTED",
  "modifiedDate" : 1519834728898
}, {
  "id" : "6c8af010-1bb7-11e8-abdb-a1bf43d3a710-15",
  "name" : "msg_36.txt",
  "createdDate" : 0,
  "text" : "Play Rummy Free! No Deposit Required!\nRs.1,000 as Welcome Bonus.\nClick Here: http://chk.bz/9t4pv64w93\nSafe & Secured!\n",
  "status" : "SUBMITTED",
  "modifiedDate" : 1519834762515
}, {
  "id" : "6c8af010-1bb7-11e8-abdb-a1bf43d3a710-16",
  "name" : "msg_37.txt",
  "createdDate" : 0,
  "text" : "Chennai: Last day to get Medicines @30% OFF* on 1st order from Medlife. Code MC30. Install goo.gl/mem5sT or Call 1860121212 to order. Valid only today. *T&CA\n",
  "status" : "SUBMITTED",
  "modifiedDate" : 1519834797855
}, {
  "id" : "6c8af010-1bb7-11e8-abdb-a1bf43d3a710-17",
  "name" : "msg_38.txt",
  "createdDate" : 0,
  "text" : "Enjoy Summer Holidays with MakeMyTrip. Refer queries & earn reward points! For bookings or to refer Whats App/Call us on 9599595609\n",
  "status" : "SUBMITTED",
  "modifiedDate" : 1519734879657
}, {
  "id" : "6c8af010-1bb7-11e8-abdb-a1bf43d3a710-18",
  "name" : "msg_39.txt",
  "createdDate" : 0,
  "text" : "Holi Offer! BSNL Offers! Extra talk value Rs.190 = Rs.220, Rs.490 = Rs.600 TODAY (29.3.2017)  .Visit http://portal.bsnl.in.\n",
  "status" : "SUBMITTED",
  "modifiedDate" : 1519834830287
}, {
  "id" : "6c8af010-1bb7-11e8-abdb-a1bf43d3a710-19",
  "name" : "msg_40.txt",
  "createdDate" : 0,
  "text" : "Get Rs 150 cashback upon taking 3 Micro/Mini/Prime rides & Rs 400 cashback with 6 rides in Chennai! Use code SAVE400 b/w 27th March - 2nd April. Book Now\n",
  "status" : "SUBMITTED",
  "modifiedDate" : 1519834860747
}, {
  "id" : "6c8af010-1bb7-11e8-abdb-a1bf43d3a710-2",
  "name" : "msg_23.txt",
  "createdDate" : 0,
  "text" : "ShopClues Super Bargain Sale LIVE! Get Amazing Deals on Quality Checked Products & Cashback of 50 on min order of 250 till 25Feb. T&C. @ https://goo.gl/UgMIvx\n",
  "status" : "SUBMITTED",
  "modifiedDate" : 1519834408545
}, {
  "id" : "6c8af010-1bb7-11e8-abdb-a1bf43d3a710-3",
  "name" : "msg_24.txt",
  "createdDate" : 0,
  "text" : "abhibus.com - Book today for the long Mahashivratri weekend. Get Rs.272 Cash Back from abhicash &  Freecharge (Rs 50). Redeem upto Rs.100 from abhicash . *T&C\n",
  "status" : "SUBMITTED",
  "modifiedDate" : 1519734108739
}, {
  "id" : "6c8af010-1bb7-11e8-abdb-a1bf43d3a710-4",
  "name" : "msg_25.txt",
  "createdDate" : 0,
  "text" : "Last 24 hrs of Sale! Lifestyle FLAT 50% +EXTRA 10% OFF ! Shop online at Lifestylestores.com & Get FLAT 50-60% on all Brands -Use code- EXTRA10 - Online only\n",
  "status" : "SUBMITTED",
  "modifiedDate" : 1519834449787
}, {
  "id" : "6c8af010-1bb7-11e8-abdb-a1bf43d3a710-5",
  "name" : "msg_26.txt",
  "createdDate" : 0,
  "text" : "2 for 99 @ BURGER KING! Walk-in to nearest BK outlet & pick ANY 2 BURGERS for 99. Hurry! Ltd. Period Offer. T&C Apply\n",
  "status" : "SUBMITTED",
  "modifiedDate" : 1519734177845
}, {
  "id" : "6c8af010-1bb7-11e8-abdb-a1bf43d3a710-6",
  "name" : "msg_27.txt",
  "createdDate" : 0,
  "text" : "Last  2 Days! Lifestyle FLAT 50% +EXTRA 10% OFF ! Shop online at Lifestylestores.com & Get FLAT 50-60% on all Brands -Use code- EXTRA10 - Online Exclusive\n",
  "status" : "SUBMITTED",
  "modifiedDate" : 1519834483104
}, {
  "id" : "6c8af010-1bb7-11e8-abdb-a1bf43d3a710-7",
  "name" : "msg_28.txt",
  "createdDate" : 0,
  "text" : "LAST DAY FOLKS! Awesome Deals @ Great Prices only for today. Get 50 Off on your ShopClues order of Rs.250. Cpn:SMCNI3GBNQ2B T&C. Shop@ https://goo.gl/S9wbMi\n",
  "status" : "SUBMITTED",
  "modifiedDate" : 1519834507720
}, {
  "id" : "6c8af010-1bb7-11e8-abdb-a1bf43d3a710-8",
  "name" : "msg_29.txt",
  "createdDate" : 0,
  "text" : "Get 15% CashBack* @BigBasket on spends above Rs.1000 every Thursday this Feb. Download: app.payzapp.in Use Promo Code GROC15 @PayZapp check out page *T&C\n",
  "status" : "SUBMITTED",
  "modifiedDate" : 1519834602166
}, {
  "id" : "6c8af010-1bb7-11e8-abdb-a1bf43d3a710-9",
  "name" : "msg_30.txt",
  "createdDate" : 0,
  "text" : "Get flat Rs.100 cashback on your first 2 cashless rides ever on Ola. Use code: CASHLESS. TCA: bit.ly/2iXDkzL. Recharge now: bit.ly/OMRecharge .\n",
  "status" : "SUBMITTED",
  "modifiedDate" : 1519834624832
}, {
  "id" : "c8c738c0-1bda-11e8-9fc9-bda4a349c681-0",
  "name" : "dailyobjects2.txt",
  "createdDate" : 0,
  "text" : "BIG BANG BOGO! Buy 1 Get 1 Free on Phone Cases, Wallets, Bags, Pouches, Sleeves. Ends Tonight! Shop @ https://www.dailyobjects.com Optout sms \"DB OUT\" 56161 ",
  "status" : "SUBMITTED",
  "modifiedDate" : 1519834976356
}, {
  "id" : "c8c738c0-1bda-11e8-9fc9-bda4a349c681-1",
  "name" : "kfc.txt",
  "createdDate" : 0,
  "text" : "Enjoy INDvSA match with KFC! Use code KFCD02 to get 15% off on order above Rs500. Order https://goo.gl/YLnGUc /Call . T&C. Opt-out goo.gl/dpikcT ",
  "status" : "SUBMITTED",
  "modifiedDate" : 1519835111664
}, {
  "id" : "c8c738c0-1bda-11e8-9fc9-bda4a349c681-10",
  "name" : "pharmeasy.txt",
  "createdDate" : 0,
  "text" : "Need medicines? Think PharmEasy! Avail FLAT 25% OFF + Paytm cashback up to Rs75 on 1st medicine order! Apply code: FBR5. Valid 12Feb visit http://bit.ly/2G1G21o ",
  "status" : "SUBMITTED",
  "modifiedDate" : 1519835147427
}, {
  "id" : "c8c738c0-1bda-11e8-9fc9-bda4a349c681-11",
  "name" : "strbzr.txt",
  "createdDate" : 0,
  "text" : "Need ideas to gift this Valentine's? SKYE, a TATA brand, launches its range of Body Sprays. Fall in love with the 3 refreshing fragrances for women & men. Pick any 2 for Rs160! WOW Offer: Shop for Cadbury Silk & get Rs100 CASHBACK (min shopping Rs999+).Cashback as Clubcard pts. Rush to STAR today! T&C - goo.gl/AR9Xpc ",
  "status" : "SUBMITTED",
  "modifiedDate" : 1519835199200
}, {
  "id" : "c8c738c0-1bda-11e8-9fc9-bda4a349c681-12",
  "name" : "bigbazaar.txt",
  "createdDate" : 0,
  "text" : "Bonus Weekend @BigBazaar/fbb Bangalore Rs300 INSTANT OFF on Rs3000 bill+PAYBACK Pts from 20-22 Oct Code 913363319560 To optout, sms OPTOUT to 9773597735 TnC",
  "status" : "SUBMITTED",
  "modifiedDate" : 1519834934824
}, {
  "id" : "c8c738c0-1bda-11e8-9fc9-bda4a349c681-13",
  "name" : "cambss.txt",
  "createdDate" : 0,
  "text" : " FLAT 50% off on all body massage. Camellia Bali Spa,Velachery,Vijayanagar contact:7358393658/044-48585856 www.camelliabalispa.com https://www.facebook.com/camelliabalispa/ | Offer Code EB9MEFD8 | Valid till 11 Feb, 2018 ",
  "status" : "SUBMITTED",
  "modifiedDate" : 1519834958986
}, {
  "id" : "c8c738c0-1bda-11e8-9fc9-bda4a349c681-14",
  "name" : "fasttrack.txt",
  "createdDate" : 0,
  "text" : "It pays to be picky!!! Up to 40% off on Fastrack Products.Rush now to your nearest Fastrack Store! T&C* https://goo.gl/wWjTvj ",
  "status" : "SUBMITTED",
  "modifiedDate" : 1519834996337
}, {
  "id" : "c8c738c0-1bda-11e8-9fc9-bda4a349c681-15",
  "name" : "swiggy2.txt",
  "createdDate" : 0,
  "text" : "Take a bite before it's too late. It's the final day of the Swiggy Food Carnival. Order now & get up to 40% off from top restaurants. http://swig.gy/app TCA ",
  "status" : "SUBMITTED",
  "modifiedDate" : 1519749733619
}, {
  "id" : "c8c738c0-1bda-11e8-9fc9-bda4a349c681-16",
  "name" : "swiggy1.txt",
  "createdDate" : 0,
  "text" : "The Swiggy Food Carnival is on! Get up to 40% off from your most-loved restaurants in town. Order now and join the carnival. http://swig.gy/app TCA ",
  "status" : "SUBMITTED",
  "modifiedDate" : 1519749700049
}, {
  "id" : "c8c738c0-1bda-11e8-9fc9-bda4a349c681-17",
  "name" : "thepark2.txt",
  "createdDate" : 0,
  "text" : "njoy exciting Thai Beer offer at most celebrated Thai restaurant -Lotus The Park Chennai Buy 2 Singha Beer get 1 free, For table reservations call -04442676000/ 9582366731 ",
  "status" : "SUBMITTED",
  "modifiedDate" : 1519835333491
}, {
  "id" : "c8c738c0-1bda-11e8-9fc9-bda4a349c681-18",
  "name" : "thepark1.txt",
  "createdDate" : 0,
  "text" : "Hospitality Night @Pasha every Monday. Flash your card and get 50% discount on beverages. For details 9884209112 ",
  "status" : "SUBMITTED",
  "modifiedDate" : 1519835243804
}, {
  "id" : "c8c738c0-1bda-11e8-9fc9-bda4a349c681-19",
  "name" : "uber3.txt",
  "createdDate" : 0,
  "text" : "The wait is over! UberEats is now in Vadapalani. Use EATSVADA to get Rs.100 off first 2 meals on a order of Rs.200*. Re.1 delivery fee. Order now: t.uber.com/c3 ",
  "status" : "SUBMITTED",
  "modifiedDate" : 1519835290584
}, {
  "id" : "c8c738c0-1bda-11e8-9fc9-bda4a349c681-2",
  "name" : "westside.txt",
  "createdDate" : 0,
  "text" : "Clubwest Festive surprise! Shop for Rs2000 & earn 200 bonus points. Offer valid till Oct 2. Hurry! shop today from WESTSIDE's Autumn Winter 2017 collection! T&C",
  "status" : "SUBMITTED",
  "modifiedDate" : 1519749902552
}, {
  "id" : "c8c738c0-1bda-11e8-9fc9-bda4a349c681-3",
  "name" : "znckin.txt",
  "createdDate" : 0,
  "text" : "Znack, An exclusive app for ordering sweets, snacks & cakes online. Free delivery&Rs.50 Off. Download app https://goo.gl/Br7VBB or visit https://goo.gl/s1SdX9 ",
  "status" : "SUBMITTED",
  "modifiedDate" : 1519749932226
}, {
  "id" : "c8c738c0-1bda-11e8-9fc9-bda4a349c681-4",
  "name" : "bata2.txt",
  "createdDate" : 0,
  "text" : "This Valentines, flaunt love for shoes! Get Rs200 off on ur fav products @ Bata. Use GV: 58821721 on min Rs999 bill bfr 18/2. TnC. To opt out call +918067006246 ",
  "status" : "SUBMITTED",
  "modifiedDate" : 1519834883001
}, {
  "id" : "c8c738c0-1bda-11e8-9fc9-bda4a349c681-5",
  "name" : "bata1.txt",
  "createdDate" : 0,
  "text" : "This Valentines, flaunt love for shoes! Get Rs200 off on ur fav products @ Bata. Use GV: 96614737 on min Rs999 bill bfr 18/2. TnC. To opt out call +918067006246 ",
  "status" : "SUBMITTED",
  "modifiedDate" : 1519834903698
}, {
  "id" : "c8c738c0-1bda-11e8-9fc9-bda4a349c681-6",
  "name" : "homecentre1.txt",
  "createdDate" : 0,
  "text" : "Don't miss out! Only 2 days to go! Furniture @FLAT 50% OFF at Home Centre Stores + Get EXTRA 10% OFF (EXCLUSIVE COUPON HBKDHJ). Valid till 11-Feb. T&C ",
  "status" : "SUBMITTED",
  "modifiedDate" : 1519835022173
}, {
  "id" : "c8c738c0-1bda-11e8-9fc9-bda4a349c681-7",
  "name" : "homecentre2.txt",
  "createdDate" : 0,
  "text" : "Hurry, Last 2 days! HOME CENTRE FURNITURE FLAT 50% OFF + EXTRA 10% OFF (COUPON P6SG3K) in stores till 11-Feb. T&C. To opt out give missed call to +918039275834 ",
  "status" : "SUBMITTED",
  "modifiedDate" : 1519835051893
}, {
  "id" : "c8c738c0-1bda-11e8-9fc9-bda4a349c681-8",
  "name" : "jabong.txt",
  "createdDate" : 0,
  "text" : "Use:ETHNIC15 Upto 60 + EXTRA 15% OFF on Top ethnic styles till 4pm! Also get Flat Rs.150* Cashback via Phonepe on order of Rs.2000 or more! http://msg.mn/aTLyo! ",
  "status" : "SUBMITTED",
  "modifiedDate" : 1519835085949
}, {
  "id" : "c8c738c0-1bda-11e8-9fc9-bda4a349c681-9",
  "name" : "otto.txt",
  "createdDate" : 0,
  "text" : "Welcome to OTTO's End of season SALE! Get up to 40% Off*, T&C Apply ",
  "status" : "SUBMITTED",
  "modifiedDate" : 1519749555086
} ]