{
  "id" : "24ccb660-1c74-11e8-909b-b12abc265234-2",
  "name" : "bata1.txt",
  "createdDate" : 1519814579398,
  "version" : 3,
  "text" : "This Valentines, flaunt love for shoes! Get Rs200 off on ur fav products @ Bata. Use GV: 96614737 on min Rs999 bill bfr 18/2. TnC. To opt out call +918067006246 ",
  "docLength" : 0,
  "language" : "EN",
  "status" : "SUBMITTED",
  "modifiedDate" : 1519836607762,
  "documentSet" : [ ],
  "preannotation" : [ "PRE_SIRE" ],
  "sentences" : [ {
    "id" : "s0",
    "begin" : 0,
    "end" : 39,
    "text" : "This Valentines, flaunt love for shoes!",
    "tokens" : [ {
      "id" : "s0-t0",
      "begin" : 0,
      "end" : 4,
      "text" : "This",
      "whiteSpace" : false
    }, {
      "id" : "s0-t1",
      "begin" : 5,
      "end" : 15,
      "text" : "Valentines",
      "whiteSpace" : false
    }, {
      "id" : "s0-t2",
      "begin" : 15,
      "end" : 16,
      "text" : ",",
      "whiteSpace" : false
    }, {
      "id" : "s0-t3",
      "begin" : 17,
      "end" : 23,
      "text" : "flaunt",
      "whiteSpace" : false
    }, {
      "id" : "s0-t4",
      "begin" : 24,
      "end" : 28,
      "text" : "love",
      "whiteSpace" : false
    }, {
      "id" : "s0-t5",
      "begin" : 29,
      "end" : 32,
      "text" : "for",
      "whiteSpace" : false
    }, {
      "id" : "s0-t6",
      "begin" : 33,
      "end" : 38,
      "text" : "shoes",
      "whiteSpace" : false
    }, {
      "id" : "s0-t7",
      "begin" : 38,
      "end" : 39,
      "text" : "!",
      "whiteSpace" : false
    } ]
  }, {
    "id" : "s1",
    "begin" : 40,
    "end" : 80,
    "text" : "Get Rs200 off on ur fav products @ Bata.",
    "tokens" : [ {
      "id" : "s1-t0",
      "begin" : 40,
      "end" : 43,
      "text" : "Get",
      "whiteSpace" : false
    }, {
      "id" : "s1-t1",
      "begin" : 44,
      "end" : 49,
      "text" : "Rs200",
      "whiteSpace" : false
    }, {
      "id" : "s1-t2",
      "begin" : 50,
      "end" : 53,
      "text" : "off",
      "whiteSpace" : false
    }, {
      "id" : "s1-t3",
      "begin" : 54,
      "end" : 56,
      "text" : "on",
      "whiteSpace" : false
    }, {
      "id" : "s1-t4",
      "begin" : 57,
      "end" : 59,
      "text" : "ur",
      "whiteSpace" : false
    }, {
      "id" : "s1-t5",
      "begin" : 60,
      "end" : 63,
      "text" : "fav",
      "whiteSpace" : false
    }, {
      "id" : "s1-t6",
      "begin" : 64,
      "end" : 72,
      "text" : "products",
      "whiteSpace" : false
    }, {
      "id" : "s1-t7",
      "begin" : 73,
      "end" : 74,
      "text" : "@",
      "whiteSpace" : false
    }, {
      "id" : "s1-t8",
      "begin" : 75,
      "end" : 79,
      "text" : "Bata",
      "whiteSpace" : false
    }, {
      "id" : "s1-t9",
      "begin" : 79,
      "end" : 80,
      "text" : ".",
      "whiteSpace" : false
    } ]
  }, {
    "id" : "s2",
    "begin" : 81,
    "end" : 125,
    "text" : "Use GV: 96614737 on min Rs999 bill bfr 18/2.",
    "tokens" : [ {
      "id" : "s2-t0",
      "begin" : 81,
      "end" : 84,
      "text" : "Use",
      "whiteSpace" : false
    }, {
      "id" : "s2-t1",
      "begin" : 85,
      "end" : 87,
      "text" : "GV",
      "whiteSpace" : false
    }, {
      "id" : "s2-t2",
      "begin" : 87,
      "end" : 88,
      "text" : ":",
      "whiteSpace" : false
    }, {
      "id" : "s2-t3",
      "begin" : 89,
      "end" : 97,
      "text" : "96614737",
      "whiteSpace" : false
    }, {
      "id" : "s2-t4",
      "begin" : 98,
      "end" : 100,
      "text" : "on",
      "whiteSpace" : false
    }, {
      "id" : "s2-t5",
      "begin" : 101,
      "end" : 104,
      "text" : "min",
      "whiteSpace" : false
    }, {
      "id" : "s2-t6",
      "begin" : 105,
      "end" : 110,
      "text" : "Rs999",
      "whiteSpace" : false
    }, {
      "id" : "s2-t7",
      "begin" : 111,
      "end" : 115,
      "text" : "bill",
      "whiteSpace" : false
    }, {
      "id" : "s2-t8",
      "begin" : 116,
      "end" : 119,
      "text" : "bfr",
      "whiteSpace" : false
    }, {
      "id" : "s2-t9",
      "begin" : 120,
      "end" : 124,
      "text" : "18/2",
      "whiteSpace" : false
    }, {
      "id" : "s2-t10",
      "begin" : 124,
      "end" : 125,
      "text" : ".",
      "whiteSpace" : false
    } ]
  }, {
    "id" : "s3",
    "begin" : 126,
    "end" : 130,
    "text" : "TnC.",
    "tokens" : [ {
      "id" : "s3-t0",
      "begin" : 126,
      "end" : 129,
      "text" : "TnC",
      "whiteSpace" : false
    }, {
      "id" : "s3-t1",
      "begin" : 129,
      "end" : 130,
      "text" : ".",
      "whiteSpace" : false
    } ]
  }, {
    "id" : "s4",
    "begin" : 131,
    "end" : 160,
    "text" : "To opt out call +918067006246",
    "tokens" : [ {
      "id" : "s4-t0",
      "begin" : 131,
      "end" : 133,
      "text" : "To",
      "whiteSpace" : false
    }, {
      "id" : "s4-t1",
      "begin" : 134,
      "end" : 137,
      "text" : "opt",
      "whiteSpace" : false
    }, {
      "id" : "s4-t2",
      "begin" : 138,
      "end" : 141,
      "text" : "out",
      "whiteSpace" : false
    }, {
      "id" : "s4-t3",
      "begin" : 142,
      "end" : 146,
      "text" : "call",
      "whiteSpace" : false
    }, {
      "id" : "s4-t4",
      "begin" : 147,
      "end" : 160,
      "text" : "+918067006246",
      "whiteSpace" : false
    } ]
  } ],
  "mentions" : [ {
    "id" : "s0-m1",
    "properties" : {
      "SIRE_MENTION_ROLE" : "Festival_Occasion_Offers",
      "SIRE_ENTITY_SUBTYPE" : "NONE",
      "SIRE_MENTION_TYPE" : "NONE",
      "SIRE_MENTION_CLASS" : "SPC"
    },
    "type" : "Festival_Occasion_Offers",
    "begin" : 5,
    "end" : 15,
    "inCoref" : false
  }, {
    "id" : "-M0",
    "properties" : {
      "SIRE_ENTITY_LEVEL" : "NONE",
      "SIRE_MENTION_TYPE" : "NONE",
      "SIRE_MENTION_CLASS" : "SPC",
      "SIRE_ENTITY_CLASS" : "SPC",
      "SIRE_ENTITY_SUBTYPE" : "NONE",
      "SIRE_MENTION_ROLE" : "Offer"
    },
    "type" : "Offer",
    "begin" : 40,
    "end" : 53,
    "inCoref" : false
  }, {
    "id" : "s1-m2",
    "properties" : {
      "SIRE_MENTION_ROLE" : "Merchant",
      "SIRE_ENTITY_SUBTYPE" : "NONE",
      "SIRE_MENTION_TYPE" : "NONE",
      "SIRE_MENTION_CLASS" : "SPC"
    },
    "type" : "Merchant",
    "begin" : 75,
    "end" : 79,
    "inCoref" : false
  }, {
    "id" : "-M1",
    "properties" : {
      "SIRE_ENTITY_LEVEL" : "NONE",
      "SIRE_MENTION_TYPE" : "NONE",
      "SIRE_MENTION_CLASS" : "SPC",
      "SIRE_ENTITY_CLASS" : "SPC",
      "SIRE_ENTITY_SUBTYPE" : "NONE",
      "SIRE_MENTION_ROLE" : "Coupon_Code"
    },
    "type" : "Coupon_Code",
    "begin" : 85,
    "end" : 87,
    "inCoref" : false
  }, {
    "id" : "-M2",
    "properties" : {
      "SIRE_ENTITY_LEVEL" : "NONE",
      "SIRE_MENTION_TYPE" : "NONE",
      "SIRE_MENTION_CLASS" : "SPC",
      "SIRE_ENTITY_CLASS" : "SPC",
      "SIRE_ENTITY_SUBTYPE" : "NONE",
      "SIRE_MENTION_ROLE" : "Merchant_Phone"
    },
    "type" : "Merchant_Phone",
    "begin" : 89,
    "end" : 97,
    "inCoref" : false
  }, {
    "id" : "-M3",
    "properties" : {
      "SIRE_ENTITY_LEVEL" : "NONE",
      "SIRE_MENTION_TYPE" : "NONE",
      "SIRE_MENTION_CLASS" : "SPC",
      "SIRE_ENTITY_CLASS" : "SPC",
      "SIRE_ENTITY_SUBTYPE" : "NONE",
      "SIRE_MENTION_ROLE" : "Offer_Applicable"
    },
    "type" : "Offer_Applicable",
    "begin" : 101,
    "end" : 124,
    "inCoref" : false
  }, {
    "id" : "s3-m1",
    "properties" : {
      "SIRE_MENTION_ROLE" : "Terms_Conditions",
      "SIRE_ENTITY_SUBTYPE" : "NONE",
      "SIRE_MENTION_TYPE" : "NONE",
      "SIRE_MENTION_CLASS" : "SPC"
    },
    "type" : "Terms_Conditions",
    "begin" : 126,
    "end" : 129,
    "inCoref" : false
  }, {
    "id" : "-M4",
    "properties" : {
      "SIRE_ENTITY_LEVEL" : "NONE",
      "SIRE_MENTION_TYPE" : "NONE",
      "SIRE_MENTION_CLASS" : "SPC",
      "SIRE_ENTITY_CLASS" : "SPC",
      "SIRE_ENTITY_SUBTYPE" : "NONE",
      "SIRE_MENTION_ROLE" : "Merchant_Phone"
    },
    "type" : "Merchant_Phone",
    "begin" : 147,
    "end" : 160,
    "inCoref" : false
  } ],
  "relations" : [ {
    "id" : "s1-r1",
    "properties" : { },
    "type" : "MerchantgivesOffer",
    "args" : [ "s1-m2", "-M0" ]
  } ],
  "corefs" : [ ],
  "typeResolved" : true,
  "userResolved" : false
}