{
  "id" : "24ccb660-1c74-11e8-909b-b12abc265234-33",
  "name" : "thepark1.txt",
  "createdDate" : 1519814579398,
  "version" : 3,
  "text" : "Hospitality Night @Pasha every Monday. Flash your card and get 50% discount on beverages. For details 9884209112 ",
  "docLength" : 0,
  "language" : "EN",
  "status" : "SUBMITTED",
  "modifiedDate" : 1519836492194,
  "documentSet" : [ ],
  "preannotation" : [ "PRE_SIRE" ],
  "sentences" : [ {
    "id" : "s0",
    "begin" : 0,
    "end" : 38,
    "text" : "Hospitality Night @Pasha every Monday.",
    "tokens" : [ {
      "id" : "s0-t0",
      "begin" : 0,
      "end" : 11,
      "text" : "Hospitality",
      "whiteSpace" : false
    }, {
      "id" : "s0-t1",
      "begin" : 12,
      "end" : 17,
      "text" : "Night",
      "whiteSpace" : false
    }, {
      "id" : "s0-t2",
      "begin" : 18,
      "end" : 24,
      "text" : "@Pasha",
      "whiteSpace" : false
    }, {
      "id" : "s0-t3",
      "begin" : 25,
      "end" : 30,
      "text" : "every",
      "whiteSpace" : false
    }, {
      "id" : "s0-t4",
      "begin" : 31,
      "end" : 37,
      "text" : "Monday",
      "whiteSpace" : false
    }, {
      "id" : "s0-t5",
      "begin" : 37,
      "end" : 38,
      "text" : ".",
      "whiteSpace" : false
    } ]
  }, {
    "id" : "s1",
    "begin" : 39,
    "end" : 89,
    "text" : "Flash your card and get 50% discount on beverages.",
    "tokens" : [ {
      "id" : "s1-t0",
      "begin" : 39,
      "end" : 44,
      "text" : "Flash",
      "whiteSpace" : false
    }, {
      "id" : "s1-t1",
      "begin" : 45,
      "end" : 49,
      "text" : "your",
      "whiteSpace" : false
    }, {
      "id" : "s1-t2",
      "begin" : 50,
      "end" : 54,
      "text" : "card",
      "whiteSpace" : false
    }, {
      "id" : "s1-t3",
      "begin" : 55,
      "end" : 58,
      "text" : "and",
      "whiteSpace" : false
    }, {
      "id" : "s1-t4",
      "begin" : 59,
      "end" : 62,
      "text" : "get",
      "whiteSpace" : false
    }, {
      "id" : "s1-t5",
      "begin" : 63,
      "end" : 65,
      "text" : "50",
      "whiteSpace" : false
    }, {
      "id" : "s1-t6",
      "begin" : 65,
      "end" : 66,
      "text" : "%",
      "whiteSpace" : false
    }, {
      "id" : "s1-t7",
      "begin" : 67,
      "end" : 75,
      "text" : "discount",
      "whiteSpace" : false
    }, {
      "id" : "s1-t8",
      "begin" : 76,
      "end" : 78,
      "text" : "on",
      "whiteSpace" : false
    }, {
      "id" : "s1-t9",
      "begin" : 79,
      "end" : 88,
      "text" : "beverages",
      "whiteSpace" : false
    }, {
      "id" : "s1-t10",
      "begin" : 88,
      "end" : 89,
      "text" : ".",
      "whiteSpace" : false
    } ]
  }, {
    "id" : "s2",
    "begin" : 90,
    "end" : 112,
    "text" : "For details 9884209112",
    "tokens" : [ {
      "id" : "s2-t0",
      "begin" : 90,
      "end" : 93,
      "text" : "For",
      "whiteSpace" : false
    }, {
      "id" : "s2-t1",
      "begin" : 94,
      "end" : 101,
      "text" : "details",
      "whiteSpace" : false
    }, {
      "id" : "s2-t2",
      "begin" : 102,
      "end" : 112,
      "text" : "9884209112",
      "whiteSpace" : false
    } ]
  } ],
  "mentions" : [ {
    "id" : "-M0",
    "properties" : {
      "SIRE_ENTITY_LEVEL" : "NONE",
      "SIRE_MENTION_TYPE" : "NONE",
      "SIRE_MENTION_CLASS" : "SPC",
      "SIRE_ENTITY_CLASS" : "SPC",
      "SIRE_ENTITY_SUBTYPE" : "NONE",
      "SIRE_MENTION_ROLE" : "Merchant"
    },
    "type" : "Merchant",
    "begin" : 18,
    "end" : 24,
    "inCoref" : false
  }, {
    "id" : "-M1",
    "properties" : {
      "SIRE_ENTITY_LEVEL" : "NONE",
      "SIRE_MENTION_TYPE" : "NONE",
      "SIRE_MENTION_CLASS" : "SPC",
      "SIRE_ENTITY_CLASS" : "SPC",
      "SIRE_ENTITY_SUBTYPE" : "NONE",
      "SIRE_MENTION_ROLE" : "Offer"
    },
    "type" : "Offer",
    "begin" : 59,
    "end" : 75,
    "inCoref" : false
  }, {
    "id" : "-M2",
    "properties" : {
      "SIRE_ENTITY_LEVEL" : "NONE",
      "SIRE_MENTION_TYPE" : "NONE",
      "SIRE_MENTION_CLASS" : "SPC",
      "SIRE_ENTITY_CLASS" : "SPC",
      "SIRE_ENTITY_SUBTYPE" : "NONE",
      "SIRE_MENTION_ROLE" : "Offer_Applicable"
    },
    "type" : "Offer_Applicable",
    "begin" : 76,
    "end" : 88,
    "inCoref" : false
  }, {
    "id" : "-M3",
    "properties" : {
      "SIRE_ENTITY_LEVEL" : "NONE",
      "SIRE_MENTION_TYPE" : "NONE",
      "SIRE_MENTION_CLASS" : "SPC",
      "SIRE_ENTITY_CLASS" : "SPC",
      "SIRE_ENTITY_SUBTYPE" : "NONE",
      "SIRE_MENTION_ROLE" : "Merchant_Phone"
    },
    "type" : "Merchant_Phone",
    "begin" : 102,
    "end" : 112,
    "inCoref" : false
  } ],
  "relations" : [ {
    "id" : "s1-r1",
    "properties" : { },
    "type" : "OfferisApplicable",
    "args" : [ "-M1", "-M2" ]
  } ],
  "corefs" : [ ],
  "typeResolved" : true,
  "userResolved" : false
}