{
  "id" : "2a0e08b0-1c59-11e8-b9e6-1925f9a60537-15",
  "name" : "lenskart4.txt",
  "createdDate" : 1519802991803,
  "version" : 3,
  "text" : "Lenskart now has 31 stores in Chennai! Avail Buy 1 Get 1 FREE,only for this weekend at your nearest store. Locate your Nearest Store: lenskart.com/s ",
  "docLength" : 0,
  "language" : "EN",
  "status" : "SUBMITTED",
  "modifiedDate" : 1519835721176,
  "documentSet" : [ ],
  "preannotation" : [ ],
  "sentences" : [ {
    "id" : "s0",
    "begin" : 0,
    "end" : 38,
    "text" : "Lenskart now has 31 stores in Chennai!",
    "tokens" : [ {
      "id" : "s0-t0",
      "begin" : 0,
      "end" : 8,
      "text" : "Lenskart",
      "whiteSpace" : false
    }, {
      "id" : "s0-t1",
      "begin" : 9,
      "end" : 12,
      "text" : "now",
      "whiteSpace" : false
    }, {
      "id" : "s0-t2",
      "begin" : 13,
      "end" : 16,
      "text" : "has",
      "whiteSpace" : false
    }, {
      "id" : "s0-t3",
      "begin" : 17,
      "end" : 19,
      "text" : "31",
      "whiteSpace" : false
    }, {
      "id" : "s0-t4",
      "begin" : 20,
      "end" : 26,
      "text" : "stores",
      "whiteSpace" : false
    }, {
      "id" : "s0-t5",
      "begin" : 27,
      "end" : 29,
      "text" : "in",
      "whiteSpace" : false
    }, {
      "id" : "s0-t6",
      "begin" : 30,
      "end" : 37,
      "text" : "Chennai",
      "whiteSpace" : false
    }, {
      "id" : "s0-t7",
      "begin" : 37,
      "end" : 38,
      "text" : "!",
      "whiteSpace" : false
    } ]
  }, {
    "id" : "s1",
    "begin" : 39,
    "end" : 106,
    "text" : "Avail Buy 1 Get 1 FREE,only for this weekend at your nearest store.",
    "tokens" : [ {
      "id" : "s1-t0",
      "begin" : 39,
      "end" : 44,
      "text" : "Avail",
      "whiteSpace" : false
    }, {
      "id" : "s1-t1",
      "begin" : 45,
      "end" : 48,
      "text" : "Buy",
      "whiteSpace" : false
    }, {
      "id" : "s1-t2",
      "begin" : 49,
      "end" : 50,
      "text" : "1",
      "whiteSpace" : false
    }, {
      "id" : "s1-t3",
      "begin" : 51,
      "end" : 54,
      "text" : "Get",
      "whiteSpace" : false
    }, {
      "id" : "s1-t4",
      "begin" : 55,
      "end" : 56,
      "text" : "1",
      "whiteSpace" : false
    }, {
      "id" : "s1-t5",
      "begin" : 57,
      "end" : 61,
      "text" : "FREE",
      "whiteSpace" : false
    }, {
      "id" : "s1-t6",
      "begin" : 61,
      "end" : 62,
      "text" : ",",
      "whiteSpace" : false
    }, {
      "id" : "s1-t7",
      "begin" : 62,
      "end" : 66,
      "text" : "only",
      "whiteSpace" : false
    }, {
      "id" : "s1-t8",
      "begin" : 67,
      "end" : 70,
      "text" : "for",
      "whiteSpace" : false
    }, {
      "id" : "s1-t9",
      "begin" : 71,
      "end" : 75,
      "text" : "this",
      "whiteSpace" : false
    }, {
      "id" : "s1-t10",
      "begin" : 76,
      "end" : 83,
      "text" : "weekend",
      "whiteSpace" : false
    }, {
      "id" : "s1-t11",
      "begin" : 84,
      "end" : 86,
      "text" : "at",
      "whiteSpace" : false
    }, {
      "id" : "s1-t12",
      "begin" : 87,
      "end" : 91,
      "text" : "your",
      "whiteSpace" : false
    }, {
      "id" : "s1-t13",
      "begin" : 92,
      "end" : 99,
      "text" : "nearest",
      "whiteSpace" : false
    }, {
      "id" : "s1-t14",
      "begin" : 100,
      "end" : 105,
      "text" : "store",
      "whiteSpace" : false
    }, {
      "id" : "s1-t15",
      "begin" : 105,
      "end" : 106,
      "text" : ".",
      "whiteSpace" : false
    } ]
  }, {
    "id" : "s2",
    "begin" : 107,
    "end" : 148,
    "text" : "Locate your Nearest Store: lenskart.com/s",
    "tokens" : [ {
      "id" : "s2-t0",
      "begin" : 107,
      "end" : 113,
      "text" : "Locate",
      "whiteSpace" : false
    }, {
      "id" : "s2-t1",
      "begin" : 114,
      "end" : 118,
      "text" : "your",
      "whiteSpace" : false
    }, {
      "id" : "s2-t2",
      "begin" : 119,
      "end" : 126,
      "text" : "Nearest",
      "whiteSpace" : false
    }, {
      "id" : "s2-t3",
      "begin" : 127,
      "end" : 132,
      "text" : "Store",
      "whiteSpace" : false
    }, {
      "id" : "s2-t4",
      "begin" : 132,
      "end" : 133,
      "text" : ":",
      "whiteSpace" : false
    }, {
      "id" : "s2-t5",
      "begin" : 134,
      "end" : 148,
      "text" : "lenskart.com/s",
      "whiteSpace" : false
    } ]
  } ],
  "mentions" : [ {
    "id" : "s0-m1",
    "properties" : {
      "SIRE_MENTION_ROLE" : "Merchant",
      "SIRE_ENTITY_SUBTYPE" : "NONE",
      "SIRE_MENTION_TYPE" : "NONE",
      "SIRE_MENTION_CLASS" : "SPC"
    },
    "type" : "Merchant",
    "begin" : 0,
    "end" : 8,
    "inCoref" : false
  }, {
    "id" : "s1-m1",
    "properties" : {
      "SIRE_MENTION_ROLE" : "Offer",
      "SIRE_ENTITY_SUBTYPE" : "NONE",
      "SIRE_MENTION_TYPE" : "NONE",
      "SIRE_MENTION_CLASS" : "SPC"
    },
    "type" : "Offer",
    "begin" : 45,
    "end" : 61,
    "inCoref" : false
  }, {
    "id" : "s1-m2",
    "properties" : {
      "SIRE_MENTION_ROLE" : "Validity_Period",
      "SIRE_ENTITY_SUBTYPE" : "NONE",
      "SIRE_MENTION_TYPE" : "NONE",
      "SIRE_MENTION_CLASS" : "SPC"
    },
    "type" : "Validity_Period",
    "begin" : 62,
    "end" : 83,
    "inCoref" : false
  }, {
    "id" : "s2-m1",
    "properties" : {
      "SIRE_MENTION_ROLE" : "Merchant_URL",
      "SIRE_ENTITY_SUBTYPE" : "NONE",
      "SIRE_MENTION_TYPE" : "NONE",
      "SIRE_MENTION_CLASS" : "SPC"
    },
    "type" : "Merchant_URL",
    "begin" : 134,
    "end" : 148,
    "inCoref" : false
  } ],
  "relations" : [ {
    "id" : "s1-r1",
    "properties" : { },
    "type" : "OfferhasValidityPeriod",
    "args" : [ "s1-m1", "s1-m2" ]
  } ],
  "corefs" : [ ],
  "typeResolved" : true,
  "userResolved" : false
}