{
  "id" : "2a0e08b0-1c59-11e8-b9e6-1925f9a60537-8",
  "name" : "blackberry.txt",
  "createdDate" : 1519802991803,
  "version" : 3,
  "text" : "Flat 50% OFF on Blackberry merchandise @Brand Factory-Wilson Garden?till 10 Jan 18 + earn PAYBACK Points. To optout,sms OPTOUT to 9773597735 TnC ",
  "docLength" : 0,
  "language" : "EN",
  "status" : "SUBMITTED",
  "modifiedDate" : 1519835465635,
  "documentSet" : [ ],
  "preannotation" : [ ],
  "sentences" : [ {
    "id" : "s0",
    "begin" : 0,
    "end" : 105,
    "text" : "Flat 50% OFF on Blackberry merchandise @Brand Factory-Wilson Garden?till 10 Jan 18 + earn PAYBACK Points.",
    "tokens" : [ {
      "id" : "s0-t0",
      "begin" : 0,
      "end" : 4,
      "text" : "Flat",
      "whiteSpace" : false
    }, {
      "id" : "s0-t1",
      "begin" : 5,
      "end" : 7,
      "text" : "50",
      "whiteSpace" : false
    }, {
      "id" : "s0-t2",
      "begin" : 7,
      "end" : 8,
      "text" : "%",
      "whiteSpace" : false
    }, {
      "id" : "s0-t3",
      "begin" : 9,
      "end" : 12,
      "text" : "OFF",
      "whiteSpace" : false
    }, {
      "id" : "s0-t4",
      "begin" : 13,
      "end" : 15,
      "text" : "on",
      "whiteSpace" : false
    }, {
      "id" : "s0-t5",
      "begin" : 16,
      "end" : 26,
      "text" : "Blackberry",
      "whiteSpace" : false
    }, {
      "id" : "s0-t6",
      "begin" : 27,
      "end" : 38,
      "text" : "merchandise",
      "whiteSpace" : false
    }, {
      "id" : "s0-t7",
      "begin" : 39,
      "end" : 45,
      "text" : "@Brand",
      "whiteSpace" : false
    }, {
      "id" : "s0-t8",
      "begin" : 46,
      "end" : 53,
      "text" : "Factory",
      "whiteSpace" : false
    }, {
      "id" : "s0-t9",
      "begin" : 53,
      "end" : 54,
      "text" : "-",
      "whiteSpace" : false
    }, {
      "id" : "s0-t10",
      "begin" : 54,
      "end" : 60,
      "text" : "Wilson",
      "whiteSpace" : false
    }, {
      "id" : "s0-t11",
      "begin" : 61,
      "end" : 72,
      "text" : "Garden?till",
      "whiteSpace" : false
    }, {
      "id" : "s0-t12",
      "begin" : 73,
      "end" : 75,
      "text" : "10",
      "whiteSpace" : false
    }, {
      "id" : "s0-t13",
      "begin" : 76,
      "end" : 79,
      "text" : "Jan",
      "whiteSpace" : false
    }, {
      "id" : "s0-t14",
      "begin" : 80,
      "end" : 82,
      "text" : "18",
      "whiteSpace" : false
    }, {
      "id" : "s0-t15",
      "begin" : 83,
      "end" : 84,
      "text" : "+",
      "whiteSpace" : false
    }, {
      "id" : "s0-t16",
      "begin" : 85,
      "end" : 89,
      "text" : "earn",
      "whiteSpace" : false
    }, {
      "id" : "s0-t17",
      "begin" : 90,
      "end" : 97,
      "text" : "PAYBACK",
      "whiteSpace" : false
    }, {
      "id" : "s0-t18",
      "begin" : 98,
      "end" : 104,
      "text" : "Points",
      "whiteSpace" : false
    }, {
      "id" : "s0-t19",
      "begin" : 104,
      "end" : 105,
      "text" : ".",
      "whiteSpace" : false
    } ]
  }, {
    "id" : "s1",
    "begin" : 106,
    "end" : 144,
    "text" : "To optout,sms OPTOUT to 9773597735 TnC",
    "tokens" : [ {
      "id" : "s1-t0",
      "begin" : 106,
      "end" : 108,
      "text" : "To",
      "whiteSpace" : false
    }, {
      "id" : "s1-t1",
      "begin" : 109,
      "end" : 115,
      "text" : "optout",
      "whiteSpace" : false
    }, {
      "id" : "s1-t2",
      "begin" : 115,
      "end" : 116,
      "text" : ",",
      "whiteSpace" : false
    }, {
      "id" : "s1-t3",
      "begin" : 116,
      "end" : 119,
      "text" : "sms",
      "whiteSpace" : false
    }, {
      "id" : "s1-t4",
      "begin" : 120,
      "end" : 126,
      "text" : "OPTOUT",
      "whiteSpace" : false
    }, {
      "id" : "s1-t5",
      "begin" : 127,
      "end" : 129,
      "text" : "to",
      "whiteSpace" : false
    }, {
      "id" : "s1-t6",
      "begin" : 130,
      "end" : 140,
      "text" : "9773597735",
      "whiteSpace" : false
    }, {
      "id" : "s1-t7",
      "begin" : 141,
      "end" : 144,
      "text" : "TnC",
      "whiteSpace" : false
    } ]
  } ],
  "mentions" : [ {
    "id" : "s0-m1",
    "properties" : {
      "SIRE_MENTION_ROLE" : "Offer",
      "SIRE_ENTITY_SUBTYPE" : "NONE",
      "SIRE_MENTION_TYPE" : "NONE",
      "SIRE_MENTION_CLASS" : "SPC"
    },
    "type" : "Offer",
    "begin" : 0,
    "end" : 12,
    "inCoref" : false
  }, {
    "id" : "s0-m2",
    "properties" : {
      "SIRE_MENTION_ROLE" : "Offer_Applicable",
      "SIRE_ENTITY_SUBTYPE" : "NONE",
      "SIRE_MENTION_TYPE" : "NONE",
      "SIRE_MENTION_CLASS" : "SPC"
    },
    "type" : "Offer_Applicable",
    "begin" : 16,
    "end" : 38,
    "inCoref" : false
  }, {
    "id" : "s0-m3",
    "properties" : {
      "SIRE_MENTION_ROLE" : "Merchant",
      "SIRE_ENTITY_SUBTYPE" : "NONE",
      "SIRE_MENTION_TYPE" : "NONE",
      "SIRE_MENTION_CLASS" : "SPC"
    },
    "type" : "Merchant",
    "begin" : 39,
    "end" : 53,
    "inCoref" : false
  }, {
    "id" : "s0-m4",
    "properties" : {
      "SIRE_MENTION_ROLE" : "Offer_Branch",
      "SIRE_ENTITY_SUBTYPE" : "NONE",
      "SIRE_MENTION_TYPE" : "NONE",
      "SIRE_MENTION_CLASS" : "SPC"
    },
    "type" : "Offer_Branch",
    "begin" : 54,
    "end" : 72,
    "inCoref" : false
  }, {
    "id" : "s0-m5",
    "properties" : {
      "SIRE_MENTION_ROLE" : "Validity_Period",
      "SIRE_ENTITY_SUBTYPE" : "NONE",
      "SIRE_MENTION_TYPE" : "NONE",
      "SIRE_MENTION_CLASS" : "SPC"
    },
    "type" : "Validity_Period",
    "begin" : 73,
    "end" : 82,
    "inCoref" : false
  }, {
    "id" : "s0-m6",
    "properties" : {
      "SIRE_MENTION_ROLE" : "Points",
      "SIRE_ENTITY_SUBTYPE" : "NONE",
      "SIRE_MENTION_TYPE" : "NONE",
      "SIRE_MENTION_CLASS" : "SPC"
    },
    "type" : "Points",
    "begin" : 85,
    "end" : 104,
    "inCoref" : false
  }, {
    "id" : "s1-m1",
    "properties" : {
      "SIRE_MENTION_ROLE" : "Merchant_Phone",
      "SIRE_ENTITY_SUBTYPE" : "NONE",
      "SIRE_MENTION_TYPE" : "NONE",
      "SIRE_MENTION_CLASS" : "SPC"
    },
    "type" : "Merchant_Phone",
    "begin" : 130,
    "end" : 140,
    "inCoref" : false
  } ],
  "relations" : [ {
    "id" : "s0-r1",
    "properties" : { },
    "type" : "OfferisApplicable",
    "args" : [ "s0-m1", "s0-m2" ]
  }, {
    "id" : "s0-r2",
    "properties" : { },
    "type" : "MerchantgivesOffer",
    "args" : [ "s0-m3", "s0-m1" ]
  }, {
    "id" : "s0-r3",
    "properties" : { },
    "type" : "OfferhasValidityPeriod",
    "args" : [ "s0-m1", "s0-m5" ]
  } ],
  "corefs" : [ ],
  "typeResolved" : true,
  "userResolved" : false
}