{
  "id" : "2a0e08b0-1c59-11e8-b9e6-1925f9a60537-7",
  "name" : "homecentre.txt",
  "createdDate" : 1519802991803,
  "version" : 3,
  "text" : "Looking to buy furniture but waiting for a good deal? FLAT 50% OFF at Home Centre Stores + Exciting COMBO offers + EXTRA 10%OFF (COUPON HBKDHJ) till 11Feb. T&C ",
  "docLength" : 0,
  "language" : "EN",
  "status" : "SUBMITTED",
  "modifiedDate" : 1519803364430,
  "documentSet" : [ ],
  "preannotation" : [ ],
  "sentences" : [ {
    "id" : "s0",
    "begin" : 0,
    "end" : 53,
    "text" : "Looking to buy furniture but waiting for a good deal?",
    "tokens" : [ {
      "id" : "s0-t0",
      "begin" : 0,
      "end" : 7,
      "text" : "Looking",
      "whiteSpace" : false
    }, {
      "id" : "s0-t1",
      "begin" : 8,
      "end" : 10,
      "text" : "to",
      "whiteSpace" : false
    }, {
      "id" : "s0-t2",
      "begin" : 11,
      "end" : 14,
      "text" : "buy",
      "whiteSpace" : false
    }, {
      "id" : "s0-t3",
      "begin" : 15,
      "end" : 24,
      "text" : "furniture",
      "whiteSpace" : false
    }, {
      "id" : "s0-t4",
      "begin" : 25,
      "end" : 28,
      "text" : "but",
      "whiteSpace" : false
    }, {
      "id" : "s0-t5",
      "begin" : 29,
      "end" : 36,
      "text" : "waiting",
      "whiteSpace" : false
    }, {
      "id" : "s0-t6",
      "begin" : 37,
      "end" : 40,
      "text" : "for",
      "whiteSpace" : false
    }, {
      "id" : "s0-t7",
      "begin" : 41,
      "end" : 42,
      "text" : "a",
      "whiteSpace" : false
    }, {
      "id" : "s0-t8",
      "begin" : 43,
      "end" : 47,
      "text" : "good",
      "whiteSpace" : false
    }, {
      "id" : "s0-t9",
      "begin" : 48,
      "end" : 52,
      "text" : "deal",
      "whiteSpace" : false
    }, {
      "id" : "s0-t10",
      "begin" : 52,
      "end" : 53,
      "text" : "?",
      "whiteSpace" : false
    } ]
  }, {
    "id" : "s1",
    "begin" : 54,
    "end" : 159,
    "text" : "FLAT 50% OFF at Home Centre Stores + Exciting COMBO offers + EXTRA 10%OFF (COUPON HBKDHJ) till 11Feb. T&C",
    "tokens" : [ {
      "id" : "s1-t0",
      "begin" : 54,
      "end" : 58,
      "text" : "FLAT",
      "whiteSpace" : false
    }, {
      "id" : "s1-t1",
      "begin" : 59,
      "end" : 61,
      "text" : "50",
      "whiteSpace" : false
    }, {
      "id" : "s1-t2",
      "begin" : 61,
      "end" : 62,
      "text" : "%",
      "whiteSpace" : false
    }, {
      "id" : "s1-t3",
      "begin" : 63,
      "end" : 66,
      "text" : "OFF",
      "whiteSpace" : false
    }, {
      "id" : "s1-t4",
      "begin" : 67,
      "end" : 69,
      "text" : "at",
      "whiteSpace" : false
    }, {
      "id" : "s1-t5",
      "begin" : 70,
      "end" : 74,
      "text" : "Home",
      "whiteSpace" : false
    }, {
      "id" : "s1-t6",
      "begin" : 75,
      "end" : 81,
      "text" : "Centre",
      "whiteSpace" : false
    }, {
      "id" : "s1-t7",
      "begin" : 82,
      "end" : 88,
      "text" : "Stores",
      "whiteSpace" : false
    }, {
      "id" : "s1-t8",
      "begin" : 89,
      "end" : 90,
      "text" : "+",
      "whiteSpace" : false
    }, {
      "id" : "s1-t9",
      "begin" : 91,
      "end" : 99,
      "text" : "Exciting",
      "whiteSpace" : false
    }, {
      "id" : "s1-t10",
      "begin" : 100,
      "end" : 105,
      "text" : "COMBO",
      "whiteSpace" : false
    }, {
      "id" : "s1-t11",
      "begin" : 106,
      "end" : 112,
      "text" : "offers",
      "whiteSpace" : false
    }, {
      "id" : "s1-t12",
      "begin" : 113,
      "end" : 114,
      "text" : "+",
      "whiteSpace" : false
    }, {
      "id" : "s1-t13",
      "begin" : 115,
      "end" : 120,
      "text" : "EXTRA",
      "whiteSpace" : false
    }, {
      "id" : "s1-t14",
      "begin" : 121,
      "end" : 123,
      "text" : "10",
      "whiteSpace" : false
    }, {
      "id" : "s1-t15",
      "begin" : 123,
      "end" : 127,
      "text" : "%OFF",
      "whiteSpace" : false
    }, {
      "id" : "s1-t16",
      "begin" : 128,
      "end" : 129,
      "text" : "(",
      "whiteSpace" : false
    }, {
      "id" : "s1-t17",
      "begin" : 129,
      "end" : 135,
      "text" : "COUPON",
      "whiteSpace" : false
    }, {
      "id" : "s1-t18",
      "begin" : 136,
      "end" : 142,
      "text" : "HBKDHJ",
      "whiteSpace" : false
    }, {
      "id" : "s1-t19",
      "begin" : 142,
      "end" : 143,
      "text" : ")",
      "whiteSpace" : false
    }, {
      "id" : "s1-t20",
      "begin" : 144,
      "end" : 148,
      "text" : "till",
      "whiteSpace" : false
    }, {
      "id" : "s1-t21",
      "begin" : 149,
      "end" : 155,
      "text" : "11Feb.",
      "whiteSpace" : false
    }, {
      "id" : "s1-t22",
      "begin" : 156,
      "end" : 159,
      "text" : "T&C",
      "whiteSpace" : false
    } ]
  } ],
  "mentions" : [ {
    "id" : "s1-m1",
    "properties" : {
      "SIRE_MENTION_ROLE" : "Offer",
      "SIRE_ENTITY_SUBTYPE" : "NONE",
      "SIRE_MENTION_TYPE" : "NONE",
      "SIRE_MENTION_CLASS" : "SPC"
    },
    "type" : "Offer",
    "begin" : 54,
    "end" : 66,
    "inCoref" : false
  }, {
    "id" : "s1-m2",
    "properties" : {
      "SIRE_MENTION_ROLE" : "Merchant",
      "SIRE_ENTITY_SUBTYPE" : "NONE",
      "SIRE_MENTION_TYPE" : "NONE",
      "SIRE_MENTION_CLASS" : "SPC"
    },
    "type" : "Merchant",
    "begin" : 70,
    "end" : 81,
    "inCoref" : false
  }, {
    "id" : "s1-m3",
    "properties" : {
      "SIRE_MENTION_ROLE" : "Offer",
      "SIRE_ENTITY_SUBTYPE" : "NONE",
      "SIRE_MENTION_TYPE" : "NONE",
      "SIRE_MENTION_CLASS" : "SPC"
    },
    "type" : "Offer",
    "begin" : 91,
    "end" : 112,
    "inCoref" : false
  }, {
    "id" : "s1-m4",
    "properties" : {
      "SIRE_MENTION_ROLE" : "Offer",
      "SIRE_ENTITY_SUBTYPE" : "NONE",
      "SIRE_MENTION_TYPE" : "NONE",
      "SIRE_MENTION_CLASS" : "SPC"
    },
    "type" : "Offer",
    "begin" : 115,
    "end" : 127,
    "inCoref" : false
  }, {
    "id" : "s1-m5",
    "properties" : {
      "SIRE_MENTION_ROLE" : "Coupon_Code",
      "SIRE_ENTITY_SUBTYPE" : "NONE",
      "SIRE_MENTION_TYPE" : "NONE",
      "SIRE_MENTION_CLASS" : "SPC"
    },
    "type" : "Coupon_Code",
    "begin" : 136,
    "end" : 142,
    "inCoref" : false
  }, {
    "id" : "s1-m7",
    "properties" : {
      "SIRE_MENTION_ROLE" : "Validity_Period",
      "SIRE_ENTITY_SUBTYPE" : "NONE",
      "SIRE_MENTION_TYPE" : "NONE",
      "SIRE_MENTION_CLASS" : "SPC"
    },
    "type" : "Validity_Period",
    "begin" : 144,
    "end" : 155,
    "inCoref" : false
  }, {
    "id" : "s1-m8",
    "properties" : {
      "SIRE_MENTION_ROLE" : "Terms_Conditions",
      "SIRE_ENTITY_SUBTYPE" : "NONE",
      "SIRE_MENTION_TYPE" : "NONE",
      "SIRE_MENTION_CLASS" : "SPC"
    },
    "type" : "Terms_Conditions",
    "begin" : 156,
    "end" : 159,
    "inCoref" : false
  } ],
  "relations" : [ ],
  "corefs" : [ ],
  "typeResolved" : true,
  "userResolved" : false
}