{
  "id" : "395bee40-1ba5-11e8-9fc9-bda4a349c681-15",
  "name" : "reliance_trends.txt",
  "createdDate" : 1519725708068,
  "version" : 3,
  "text" : "Get stylish with DOUBLE BENEFIT at TRENDS! Shop for Rs. 4000 & get benefits worth Rs.4000 on the New season collection from 9th Feb-11th Feb'18 & earn RelianceOne pts. RUSH to ur nearest TRENDS store now! Offer valid in select cities only. T&C More at http://bit.ly/DoubleBenefit ",
  "docLength" : 0,
  "language" : "EN",
  "status" : "SUBMITTED",
  "modifiedDate" : 1519834230928,
  "documentSet" : [ ],
  "preannotation" : [ ],
  "sentences" : [ {
    "id" : "s0",
    "begin" : 0,
    "end" : 42,
    "text" : "Get stylish with DOUBLE BENEFIT at TRENDS!",
    "tokens" : [ {
      "id" : "s0-t0",
      "begin" : 0,
      "end" : 3,
      "text" : "Get",
      "whiteSpace" : false
    }, {
      "id" : "s0-t1",
      "begin" : 4,
      "end" : 11,
      "text" : "stylish",
      "whiteSpace" : false
    }, {
      "id" : "s0-t2",
      "begin" : 12,
      "end" : 16,
      "text" : "with",
      "whiteSpace" : false
    }, {
      "id" : "s0-t3",
      "begin" : 17,
      "end" : 23,
      "text" : "DOUBLE",
      "whiteSpace" : false
    }, {
      "id" : "s0-t4",
      "begin" : 24,
      "end" : 31,
      "text" : "BENEFIT",
      "whiteSpace" : false
    }, {
      "id" : "s0-t5",
      "begin" : 32,
      "end" : 34,
      "text" : "at",
      "whiteSpace" : false
    }, {
      "id" : "s0-t6",
      "begin" : 35,
      "end" : 41,
      "text" : "TRENDS",
      "whiteSpace" : false
    }, {
      "id" : "s0-t7",
      "begin" : 41,
      "end" : 42,
      "text" : "!",
      "whiteSpace" : false
    } ]
  }, {
    "id" : "s1",
    "begin" : 43,
    "end" : 167,
    "text" : "Shop for Rs. 4000 & get benefits worth Rs.4000 on the New season collection from 9th Feb-11th Feb'18 & earn RelianceOne pts.",
    "tokens" : [ {
      "id" : "s1-t0",
      "begin" : 43,
      "end" : 47,
      "text" : "Shop",
      "whiteSpace" : false
    }, {
      "id" : "s1-t1",
      "begin" : 48,
      "end" : 51,
      "text" : "for",
      "whiteSpace" : false
    }, {
      "id" : "s1-t2",
      "begin" : 52,
      "end" : 55,
      "text" : "Rs.",
      "whiteSpace" : false
    }, {
      "id" : "s1-t3",
      "begin" : 56,
      "end" : 60,
      "text" : "4000",
      "whiteSpace" : false
    }, {
      "id" : "s1-t4",
      "begin" : 61,
      "end" : 62,
      "text" : "&",
      "whiteSpace" : false
    }, {
      "id" : "s1-t5",
      "begin" : 63,
      "end" : 66,
      "text" : "get",
      "whiteSpace" : false
    }, {
      "id" : "s1-t6",
      "begin" : 67,
      "end" : 75,
      "text" : "benefits",
      "whiteSpace" : false
    }, {
      "id" : "s1-t7",
      "begin" : 76,
      "end" : 81,
      "text" : "worth",
      "whiteSpace" : false
    }, {
      "id" : "s1-t8",
      "begin" : 82,
      "end" : 89,
      "text" : "Rs.4000",
      "whiteSpace" : false
    }, {
      "id" : "s1-t9",
      "begin" : 90,
      "end" : 92,
      "text" : "on",
      "whiteSpace" : false
    }, {
      "id" : "s1-t10",
      "begin" : 93,
      "end" : 96,
      "text" : "the",
      "whiteSpace" : false
    }, {
      "id" : "s1-t11",
      "begin" : 97,
      "end" : 100,
      "text" : "New",
      "whiteSpace" : false
    }, {
      "id" : "s1-t12",
      "begin" : 101,
      "end" : 107,
      "text" : "season",
      "whiteSpace" : false
    }, {
      "id" : "s1-t13",
      "begin" : 108,
      "end" : 118,
      "text" : "collection",
      "whiteSpace" : false
    }, {
      "id" : "s1-t14",
      "begin" : 119,
      "end" : 123,
      "text" : "from",
      "whiteSpace" : false
    }, {
      "id" : "s1-t15",
      "begin" : 124,
      "end" : 127,
      "text" : "9th",
      "whiteSpace" : false
    }, {
      "id" : "s1-t16",
      "begin" : 128,
      "end" : 131,
      "text" : "Feb",
      "whiteSpace" : false
    }, {
      "id" : "s1-t17",
      "begin" : 131,
      "end" : 132,
      "text" : "-",
      "whiteSpace" : false
    }, {
      "id" : "s1-t18",
      "begin" : 132,
      "end" : 136,
      "text" : "11th",
      "whiteSpace" : false
    }, {
      "id" : "s1-t19",
      "begin" : 137,
      "end" : 140,
      "text" : "Feb",
      "whiteSpace" : false
    }, {
      "id" : "s1-t20",
      "begin" : 140,
      "end" : 141,
      "text" : "'",
      "whiteSpace" : false
    }, {
      "id" : "s1-t21",
      "begin" : 141,
      "end" : 143,
      "text" : "18",
      "whiteSpace" : false
    }, {
      "id" : "s1-t22",
      "begin" : 144,
      "end" : 145,
      "text" : "&",
      "whiteSpace" : false
    }, {
      "id" : "s1-t23",
      "begin" : 146,
      "end" : 150,
      "text" : "earn",
      "whiteSpace" : false
    }, {
      "id" : "s1-t24",
      "begin" : 151,
      "end" : 162,
      "text" : "RelianceOne",
      "whiteSpace" : false
    }, {
      "id" : "s1-t25",
      "begin" : 163,
      "end" : 166,
      "text" : "pts",
      "whiteSpace" : false
    }, {
      "id" : "s1-t26",
      "begin" : 166,
      "end" : 167,
      "text" : ".",
      "whiteSpace" : false
    } ]
  }, {
    "id" : "s2",
    "begin" : 168,
    "end" : 204,
    "text" : "RUSH to ur nearest TRENDS store now!",
    "tokens" : [ {
      "id" : "s2-t0",
      "begin" : 168,
      "end" : 172,
      "text" : "RUSH",
      "whiteSpace" : false
    }, {
      "id" : "s2-t1",
      "begin" : 173,
      "end" : 175,
      "text" : "to",
      "whiteSpace" : false
    }, {
      "id" : "s2-t2",
      "begin" : 176,
      "end" : 178,
      "text" : "ur",
      "whiteSpace" : false
    }, {
      "id" : "s2-t3",
      "begin" : 179,
      "end" : 186,
      "text" : "nearest",
      "whiteSpace" : false
    }, {
      "id" : "s2-t4",
      "begin" : 187,
      "end" : 193,
      "text" : "TRENDS",
      "whiteSpace" : false
    }, {
      "id" : "s2-t5",
      "begin" : 194,
      "end" : 199,
      "text" : "store",
      "whiteSpace" : false
    }, {
      "id" : "s2-t6",
      "begin" : 200,
      "end" : 203,
      "text" : "now",
      "whiteSpace" : false
    }, {
      "id" : "s2-t7",
      "begin" : 203,
      "end" : 204,
      "text" : "!",
      "whiteSpace" : false
    } ]
  }, {
    "id" : "s3",
    "begin" : 205,
    "end" : 239,
    "text" : "Offer valid in select cities only.",
    "tokens" : [ {
      "id" : "s3-t0",
      "begin" : 205,
      "end" : 210,
      "text" : "Offer",
      "whiteSpace" : false
    }, {
      "id" : "s3-t1",
      "begin" : 211,
      "end" : 216,
      "text" : "valid",
      "whiteSpace" : false
    }, {
      "id" : "s3-t2",
      "begin" : 217,
      "end" : 219,
      "text" : "in",
      "whiteSpace" : false
    }, {
      "id" : "s3-t3",
      "begin" : 220,
      "end" : 226,
      "text" : "select",
      "whiteSpace" : false
    }, {
      "id" : "s3-t4",
      "begin" : 227,
      "end" : 233,
      "text" : "cities",
      "whiteSpace" : false
    }, {
      "id" : "s3-t5",
      "begin" : 234,
      "end" : 238,
      "text" : "only",
      "whiteSpace" : false
    }, {
      "id" : "s3-t6",
      "begin" : 238,
      "end" : 239,
      "text" : ".",
      "whiteSpace" : false
    } ]
  }, {
    "id" : "s4",
    "begin" : 240,
    "end" : 279,
    "text" : "T&C More at http://bit.ly/DoubleBenefit",
    "tokens" : [ {
      "id" : "s4-t0",
      "begin" : 240,
      "end" : 243,
      "text" : "T&C",
      "whiteSpace" : false
    }, {
      "id" : "s4-t1",
      "begin" : 244,
      "end" : 248,
      "text" : "More",
      "whiteSpace" : false
    }, {
      "id" : "s4-t2",
      "begin" : 249,
      "end" : 251,
      "text" : "at",
      "whiteSpace" : false
    }, {
      "id" : "s4-t3",
      "begin" : 252,
      "end" : 279,
      "text" : "http://bit.ly/DoubleBenefit",
      "whiteSpace" : false
    } ]
  } ],
  "mentions" : [ {
    "id" : "s1-m1",
    "properties" : {
      "SIRE_MENTION_ROLE" : "Offer",
      "SIRE_ENTITY_SUBTYPE" : "NONE",
      "SIRE_MENTION_TYPE" : "NONE",
      "SIRE_MENTION_CLASS" : "SPC"
    },
    "type" : "Offer",
    "begin" : 43,
    "end" : 89,
    "inCoref" : false
  }, {
    "id" : "s1-m2",
    "properties" : {
      "SIRE_MENTION_ROLE" : "Offer_Applicable",
      "SIRE_ENTITY_SUBTYPE" : "NONE",
      "SIRE_MENTION_TYPE" : "NONE",
      "SIRE_MENTION_CLASS" : "SPC"
    },
    "type" : "Offer_Applicable",
    "begin" : 97,
    "end" : 118,
    "inCoref" : false
  }, {
    "id" : "s1-m3",
    "properties" : {
      "SIRE_MENTION_ROLE" : "Validity_Period",
      "SIRE_ENTITY_SUBTYPE" : "NONE",
      "SIRE_MENTION_TYPE" : "NONE",
      "SIRE_MENTION_CLASS" : "SPC"
    },
    "type" : "Validity_Period",
    "begin" : 124,
    "end" : 143,
    "inCoref" : false
  }, {
    "id" : "s1-m4",
    "properties" : {
      "SIRE_MENTION_ROLE" : "Points",
      "SIRE_ENTITY_SUBTYPE" : "NONE",
      "SIRE_MENTION_TYPE" : "NONE",
      "SIRE_MENTION_CLASS" : "SPC"
    },
    "type" : "Points",
    "begin" : 146,
    "end" : 166,
    "inCoref" : false
  }, {
    "id" : "s2-m1",
    "properties" : {
      "SIRE_MENTION_ROLE" : "Merchant",
      "SIRE_ENTITY_SUBTYPE" : "NONE",
      "SIRE_MENTION_TYPE" : "NONE",
      "SIRE_MENTION_CLASS" : "SPC"
    },
    "type" : "Merchant",
    "begin" : 187,
    "end" : 193,
    "inCoref" : false
  }, {
    "id" : "s4-m2",
    "properties" : {
      "SIRE_MENTION_ROLE" : "Terms_Conditions",
      "SIRE_ENTITY_SUBTYPE" : "NONE",
      "SIRE_MENTION_TYPE" : "NONE",
      "SIRE_MENTION_CLASS" : "SPC"
    },
    "type" : "Terms_Conditions",
    "begin" : 240,
    "end" : 243,
    "inCoref" : false
  }, {
    "id" : "s4-m1",
    "properties" : {
      "SIRE_MENTION_ROLE" : "Merchant_URL",
      "SIRE_ENTITY_SUBTYPE" : "NONE",
      "SIRE_MENTION_TYPE" : "NONE",
      "SIRE_MENTION_CLASS" : "SPC"
    },
    "type" : "Merchant_URL",
    "begin" : 252,
    "end" : 279,
    "inCoref" : false
  } ],
  "relations" : [ {
    "id" : "s1-r1",
    "properties" : { },
    "type" : "OfferisApplicable",
    "args" : [ "s1-m1", "s1-m2" ]
  }, {
    "id" : "s1-r2",
    "properties" : { },
    "type" : "OfferhasValidityPeriod",
    "args" : [ "s1-m1", "s1-m3" ]
  } ],
  "corefs" : [ ],
  "typeResolved" : true,
  "userResolved" : false
}