{
  "id" : "6c8af010-1bb7-11e8-abdb-a1bf43d3a710-2",
  "name" : "msg_23.txt",
  "createdDate" : 1519733524881,
  "version" : 3,
  "text" : "ShopClues Super Bargain Sale LIVE! Get Amazing Deals on Quality Checked Products & Cashback of 50 on min order of 250 till 25Feb. T&C. @ https://goo.gl/UgMIvx\n",
  "docLength" : 0,
  "language" : "EN",
  "status" : "SUBMITTED",
  "modifiedDate" : 1519834408545,
  "documentSet" : [ ],
  "preannotation" : [ ],
  "sentences" : [ {
    "id" : "s0",
    "begin" : 0,
    "end" : 34,
    "text" : "ShopClues Super Bargain Sale LIVE!",
    "tokens" : [ {
      "id" : "s0-t0",
      "begin" : 0,
      "end" : 9,
      "text" : "ShopClues",
      "whiteSpace" : false
    }, {
      "id" : "s0-t1",
      "begin" : 10,
      "end" : 15,
      "text" : "Super",
      "whiteSpace" : false
    }, {
      "id" : "s0-t2",
      "begin" : 16,
      "end" : 23,
      "text" : "Bargain",
      "whiteSpace" : false
    }, {
      "id" : "s0-t3",
      "begin" : 24,
      "end" : 28,
      "text" : "Sale",
      "whiteSpace" : false
    }, {
      "id" : "s0-t4",
      "begin" : 29,
      "end" : 33,
      "text" : "LIVE",
      "whiteSpace" : false
    }, {
      "id" : "s0-t5",
      "begin" : 33,
      "end" : 34,
      "text" : "!",
      "whiteSpace" : false
    } ]
  }, {
    "id" : "s1",
    "begin" : 35,
    "end" : 158,
    "text" : "Get Amazing Deals on Quality Checked Products & Cashback of 50 on min order of 250 till 25Feb. T&C. @ https://goo.gl/UgMIvx",
    "tokens" : [ {
      "id" : "s1-t0",
      "begin" : 35,
      "end" : 38,
      "text" : "Get",
      "whiteSpace" : false
    }, {
      "id" : "s1-t1",
      "begin" : 39,
      "end" : 46,
      "text" : "Amazing",
      "whiteSpace" : false
    }, {
      "id" : "s1-t2",
      "begin" : 47,
      "end" : 52,
      "text" : "Deals",
      "whiteSpace" : false
    }, {
      "id" : "s1-t3",
      "begin" : 53,
      "end" : 55,
      "text" : "on",
      "whiteSpace" : false
    }, {
      "id" : "s1-t4",
      "begin" : 56,
      "end" : 63,
      "text" : "Quality",
      "whiteSpace" : false
    }, {
      "id" : "s1-t5",
      "begin" : 64,
      "end" : 71,
      "text" : "Checked",
      "whiteSpace" : false
    }, {
      "id" : "s1-t6",
      "begin" : 72,
      "end" : 80,
      "text" : "Products",
      "whiteSpace" : false
    }, {
      "id" : "s1-t7",
      "begin" : 81,
      "end" : 82,
      "text" : "&",
      "whiteSpace" : false
    }, {
      "id" : "s1-t8",
      "begin" : 83,
      "end" : 91,
      "text" : "Cashback",
      "whiteSpace" : false
    }, {
      "id" : "s1-t9",
      "begin" : 92,
      "end" : 94,
      "text" : "of",
      "whiteSpace" : false
    }, {
      "id" : "s1-t10",
      "begin" : 95,
      "end" : 97,
      "text" : "50",
      "whiteSpace" : false
    }, {
      "id" : "s1-t11",
      "begin" : 98,
      "end" : 100,
      "text" : "on",
      "whiteSpace" : false
    }, {
      "id" : "s1-t12",
      "begin" : 101,
      "end" : 104,
      "text" : "min",
      "whiteSpace" : false
    }, {
      "id" : "s1-t13",
      "begin" : 105,
      "end" : 110,
      "text" : "order",
      "whiteSpace" : false
    }, {
      "id" : "s1-t14",
      "begin" : 111,
      "end" : 113,
      "text" : "of",
      "whiteSpace" : false
    }, {
      "id" : "s1-t15",
      "begin" : 114,
      "end" : 117,
      "text" : "250",
      "whiteSpace" : false
    }, {
      "id" : "s1-t16",
      "begin" : 118,
      "end" : 122,
      "text" : "till",
      "whiteSpace" : false
    }, {
      "id" : "s1-t17",
      "begin" : 123,
      "end" : 129,
      "text" : "25Feb.",
      "whiteSpace" : false
    }, {
      "id" : "s1-t18",
      "begin" : 130,
      "end" : 134,
      "text" : "T&C.",
      "whiteSpace" : false
    }, {
      "id" : "s1-t19",
      "begin" : 135,
      "end" : 136,
      "text" : "@",
      "whiteSpace" : false
    }, {
      "id" : "s1-t20",
      "begin" : 137,
      "end" : 158,
      "text" : "https://goo.gl/UgMIvx",
      "whiteSpace" : false
    } ]
  } ],
  "mentions" : [ {
    "id" : "s0-m1",
    "properties" : {
      "SIRE_MENTION_ROLE" : "Merchant",
      "SIRE_ENTITY_SUBTYPE" : "NONE",
      "SIRE_MENTION_TYPE" : "NONE",
      "SIRE_MENTION_CLASS" : "SPC"
    },
    "type" : "Merchant",
    "begin" : 0,
    "end" : 9,
    "inCoref" : false
  }, {
    "id" : "s1-m1",
    "properties" : {
      "SIRE_MENTION_ROLE" : "Offer",
      "SIRE_ENTITY_SUBTYPE" : "NONE",
      "SIRE_MENTION_TYPE" : "NONE",
      "SIRE_MENTION_CLASS" : "SPC"
    },
    "type" : "Offer",
    "begin" : 83,
    "end" : 117,
    "inCoref" : false
  }, {
    "id" : "s1-m2",
    "properties" : {
      "SIRE_MENTION_ROLE" : "Validity_Period",
      "SIRE_ENTITY_SUBTYPE" : "NONE",
      "SIRE_MENTION_TYPE" : "NONE",
      "SIRE_MENTION_CLASS" : "SPC"
    },
    "type" : "Validity_Period",
    "begin" : 118,
    "end" : 129,
    "inCoref" : false
  }, {
    "id" : "s1-m3",
    "properties" : {
      "SIRE_MENTION_ROLE" : "Terms_Conditions",
      "SIRE_ENTITY_SUBTYPE" : "NONE",
      "SIRE_MENTION_TYPE" : "NONE",
      "SIRE_MENTION_CLASS" : "SPC"
    },
    "type" : "Terms_Conditions",
    "begin" : 130,
    "end" : 134,
    "inCoref" : false
  }, {
    "id" : "s1-m4",
    "properties" : {
      "SIRE_MENTION_ROLE" : "Merchant_URL",
      "SIRE_ENTITY_SUBTYPE" : "NONE",
      "SIRE_MENTION_TYPE" : "NONE",
      "SIRE_MENTION_CLASS" : "SPC"
    },
    "type" : "Merchant_URL",
    "begin" : 137,
    "end" : 158,
    "inCoref" : false
  } ],
  "relations" : [ {
    "id" : "s1-r1",
    "properties" : { },
    "type" : "OfferhasValidityPeriod",
    "args" : [ "s1-m1", "s1-m2" ]
  } ],
  "corefs" : [ ],
  "typeResolved" : true,
  "userResolved" : false
}