{
  "id" : "c8c738c0-1bda-11e8-9fc9-bda4a349c681-15",
  "name" : "swiggy2.txt",
  "createdDate" : 1519748712012,
  "version" : 3,
  "text" : "Take a bite before it's too late. It's the final day of the Swiggy Food Carnival. Order now & get up to 40% off from top restaurants. http://swig.gy/app TCA ",
  "docLength" : 0,
  "language" : "EN",
  "status" : "SUBMITTED",
  "modifiedDate" : 1519749733619,
  "documentSet" : [ ],
  "preannotation" : [ ],
  "sentences" : [ {
    "id" : "s0",
    "begin" : 0,
    "end" : 33,
    "text" : "Take a bite before it's too late.",
    "tokens" : [ {
      "id" : "s0-t0",
      "begin" : 0,
      "end" : 4,
      "text" : "Take",
      "whiteSpace" : false
    }, {
      "id" : "s0-t1",
      "begin" : 5,
      "end" : 6,
      "text" : "a",
      "whiteSpace" : false
    }, {
      "id" : "s0-t2",
      "begin" : 7,
      "end" : 11,
      "text" : "bite",
      "whiteSpace" : false
    }, {
      "id" : "s0-t3",
      "begin" : 12,
      "end" : 18,
      "text" : "before",
      "whiteSpace" : false
    }, {
      "id" : "s0-t4",
      "begin" : 19,
      "end" : 21,
      "text" : "it",
      "whiteSpace" : false
    }, {
      "id" : "s0-t5",
      "begin" : 21,
      "end" : 23,
      "text" : "'s",
      "whiteSpace" : false
    }, {
      "id" : "s0-t6",
      "begin" : 24,
      "end" : 27,
      "text" : "too",
      "whiteSpace" : false
    }, {
      "id" : "s0-t7",
      "begin" : 28,
      "end" : 32,
      "text" : "late",
      "whiteSpace" : false
    }, {
      "id" : "s0-t8",
      "begin" : 32,
      "end" : 33,
      "text" : ".",
      "whiteSpace" : false
    } ]
  }, {
    "id" : "s1",
    "begin" : 34,
    "end" : 81,
    "text" : "It's the final day of the Swiggy Food Carnival.",
    "tokens" : [ {
      "id" : "s1-t0",
      "begin" : 34,
      "end" : 36,
      "text" : "It",
      "whiteSpace" : false
    }, {
      "id" : "s1-t1",
      "begin" : 36,
      "end" : 38,
      "text" : "'s",
      "whiteSpace" : false
    }, {
      "id" : "s1-t2",
      "begin" : 39,
      "end" : 42,
      "text" : "the",
      "whiteSpace" : false
    }, {
      "id" : "s1-t3",
      "begin" : 43,
      "end" : 48,
      "text" : "final",
      "whiteSpace" : false
    }, {
      "id" : "s1-t4",
      "begin" : 49,
      "end" : 52,
      "text" : "day",
      "whiteSpace" : false
    }, {
      "id" : "s1-t5",
      "begin" : 53,
      "end" : 55,
      "text" : "of",
      "whiteSpace" : false
    }, {
      "id" : "s1-t6",
      "begin" : 56,
      "end" : 59,
      "text" : "the",
      "whiteSpace" : false
    }, {
      "id" : "s1-t7",
      "begin" : 60,
      "end" : 66,
      "text" : "Swiggy",
      "whiteSpace" : false
    }, {
      "id" : "s1-t8",
      "begin" : 67,
      "end" : 71,
      "text" : "Food",
      "whiteSpace" : false
    }, {
      "id" : "s1-t9",
      "begin" : 72,
      "end" : 80,
      "text" : "Carnival",
      "whiteSpace" : false
    }, {
      "id" : "s1-t10",
      "begin" : 80,
      "end" : 81,
      "text" : ".",
      "whiteSpace" : false
    } ]
  }, {
    "id" : "s2",
    "begin" : 82,
    "end" : 133,
    "text" : "Order now & get up to 40% off from top restaurants.",
    "tokens" : [ {
      "id" : "s2-t0",
      "begin" : 82,
      "end" : 87,
      "text" : "Order",
      "whiteSpace" : false
    }, {
      "id" : "s2-t1",
      "begin" : 88,
      "end" : 91,
      "text" : "now",
      "whiteSpace" : false
    }, {
      "id" : "s2-t2",
      "begin" : 92,
      "end" : 93,
      "text" : "&",
      "whiteSpace" : false
    }, {
      "id" : "s2-t3",
      "begin" : 94,
      "end" : 97,
      "text" : "get",
      "whiteSpace" : false
    }, {
      "id" : "s2-t4",
      "begin" : 98,
      "end" : 100,
      "text" : "up",
      "whiteSpace" : false
    }, {
      "id" : "s2-t5",
      "begin" : 101,
      "end" : 103,
      "text" : "to",
      "whiteSpace" : false
    }, {
      "id" : "s2-t6",
      "begin" : 104,
      "end" : 106,
      "text" : "40",
      "whiteSpace" : false
    }, {
      "id" : "s2-t7",
      "begin" : 106,
      "end" : 107,
      "text" : "%",
      "whiteSpace" : false
    }, {
      "id" : "s2-t8",
      "begin" : 108,
      "end" : 111,
      "text" : "off",
      "whiteSpace" : false
    }, {
      "id" : "s2-t9",
      "begin" : 112,
      "end" : 116,
      "text" : "from",
      "whiteSpace" : false
    }, {
      "id" : "s2-t10",
      "begin" : 117,
      "end" : 120,
      "text" : "top",
      "whiteSpace" : false
    }, {
      "id" : "s2-t11",
      "begin" : 121,
      "end" : 132,
      "text" : "restaurants",
      "whiteSpace" : false
    }, {
      "id" : "s2-t12",
      "begin" : 132,
      "end" : 133,
      "text" : ".",
      "whiteSpace" : false
    } ]
  }, {
    "id" : "s3",
    "begin" : 134,
    "end" : 156,
    "text" : "http://swig.gy/app TCA",
    "tokens" : [ {
      "id" : "s3-t0",
      "begin" : 134,
      "end" : 152,
      "text" : "http://swig.gy/app",
      "whiteSpace" : false
    }, {
      "id" : "s3-t1",
      "begin" : 153,
      "end" : 156,
      "text" : "TCA",
      "whiteSpace" : false
    } ]
  } ],
  "mentions" : [ {
    "id" : "s1-m1",
    "properties" : {
      "SIRE_MENTION_ROLE" : "Merchant",
      "SIRE_ENTITY_SUBTYPE" : "NONE",
      "SIRE_MENTION_TYPE" : "NONE",
      "SIRE_MENTION_CLASS" : "SPC"
    },
    "type" : "Merchant",
    "begin" : 60,
    "end" : 66,
    "inCoref" : false
  }, {
    "id" : "s2-m1",
    "properties" : {
      "SIRE_MENTION_ROLE" : "Offer",
      "SIRE_ENTITY_SUBTYPE" : "NONE",
      "SIRE_MENTION_TYPE" : "NONE",
      "SIRE_MENTION_CLASS" : "SPC"
    },
    "type" : "Offer",
    "begin" : 94,
    "end" : 111,
    "inCoref" : false
  }, {
    "id" : "s3-m1",
    "properties" : {
      "SIRE_MENTION_ROLE" : "Merchant_URL",
      "SIRE_ENTITY_SUBTYPE" : "NONE",
      "SIRE_MENTION_TYPE" : "NONE",
      "SIRE_MENTION_CLASS" : "SPC"
    },
    "type" : "Merchant_URL",
    "begin" : 134,
    "end" : 152,
    "inCoref" : false
  } ],
  "relations" : [ ],
  "corefs" : [ ],
  "typeResolved" : true,
  "userResolved" : false
}